Workbook

Sheet 模板说明
A1: 分析方法验证原始数据计算模板
A3: 模板版本 | B3: 2.0
A4: 最大杂质数 | B4: 10
A5: 工作簿用途 | B5: 验证报告原始数据与计算结果
A6: 输入颜色 | B6: 浅黄色
A7: 公式颜色 | B7: 浅绿色
A8: 保护密码 | B8: report-template
A11: 使用顺序
A12: 1. | B12: 先在“杂质清单”登记最多10个杂质，再到各结果表通过 impurity_id 下拉选择。
A13: 2. | B13: 黄色单元格是唯一允许录入的位置；绿色单元格由公式计算，不能覆盖。
A14: 3. | B14: 每行只代表一条测定记录；不同杂质、不同序列或不同条件不得写在同一行。
A15: 4. | B15: 不要新增列、改写英文字段名或在表外记录数据；行数不足时由管理员扩展模板。
A16: 5. | B16: 本模板不录入结论、验证项目名称、实验过程、接受标准、仪器或溶液配制信息。

Sheet 杂质清单
A1: 杂质清单
A2: impurity_id | B2: impurity_name | C2: short_name | D2: limit_ppm | E2: limit_concentration | F2: api_concentration | G2: enabled | H2: note
A3: 杂质编号 | B3: 杂质名称 | C3: 简称 | D3: 限度（ppm） | E3: 限度浓度（ng/ml） | F3: 供试品API浓度（mg/ml） | G3: 启用 | H3: 备注
A4: IMP-01 | G4: 是
A5: IMP-02 | G5: 是
A6: IMP-03 | G6: 是
A7: IMP-04 | G7: 否
A8: IMP-05 | G8: 否
A9: IMP-06 | G9: 否
A10: IMP-07 | G10: 否
A11: IMP-08 | G11: 否
A12: IMP-09 | G12: 否
A13: IMP-10 | G13: 否

Sheet AI数据索引
A1: table_code | B1: 工作表 | C1: 数据区域 | D1: 结构类型 | E1: 稳定字段 | F1: 目标标准JSON路径
A2: impurities | B2: 杂质清单 | C2: A2:H13 | D2: 纵向明细表 | E2: impurity_id,impurity_name,short_name,limit_ppm,limit_concentration,api_concentration,enabled,note | F2: $.impurities[*]
A3: systemSuitability | B3: 系统适用性结果 | C3: A2:F63 | D3: 纵向明细表 | E3: impurity_id,sequence,retention_time,peak_area,retention_time_rsd,peak_area_rsd | F3: $.systemSuitability[*]
A4: specificity | B4: 专属性结果 | C4: A2:D103 | D4: 纵向明细表 | E4: impurity_id,solution_name,retention_time,peak_area | F4: $.specificity[*]
A5: lodLoq | B5: 检测限定量限结果 | C5: A2:I93 | D5: 纵向明细表 | E5: impurity_id,result_type,sequence,sn_ratio,peak_area,concentration,sample_content,limit_percentage,peak_area_rsd | F5: $.lod[*] / $.loq[*]（按 result_type 拆分）
A6: linearityPreparation | B6: 线性溶液数值 | C6: A2:H103 | D6: 纵向明细表 | E6: impurity_id,run_type,solution_name,stock_concentration,aliquot_volume,final_volume,theoretical_concentration,limit_percentage | F6: $.linearityPreparation[*] / $.intermediateLinearityPreparation[*]（按 run_type 拆分）
A7: linearity | B7: 线性与范围结果 | C7: A2:L103 | D7: 纵向明细表 | E7: impurity_id,run_type,level,actual_concentration,peak_area,predicted_peak_area,residual,relative_residual,slope,intercept,correlation_coefficient,intercept_ratio | F7: $.linearity[*] / $.intermediateLinearity[*]（按 run_type 拆分）
A8: repeatability | B8: 重复性结果 | C8: A2:M63 | D8: 纵向明细表 | E8: impurity_id,sequence,gross_weight,tare_weight,api_weight,retention_time,peak_area,measured_concentration,sample_content,retention_time_rsd,content_rsd,content_ci_low,content_ci_high | F8: $.repeatability[*]
A9: intermediatePrecision | B9: 中间精密度结果 | C9: A2:N123 | D9: 纵向明细表 | E9: impurity_id,operator_or_day,sequence,gross_weight,tare_weight,api_weight,retention_time,peak_area,measured_concentration,sample_content,retention_time_rsd,content_rsd,content_ci_low,content_ci_high | F9: $.intermediatePrecision[*]
A10: accuracy | B10: 准确度结果 | C10: A2:M153 | D10: 纵向明细表 | E10: impurity_id,record_type,level,sequence,api_weight,peak_area,measured_concentration,measured_amount,blank_amount,added_amount,recovery,average_recovery,recovery_rsd | F10: $.blankAmount[*] / $.accuracy[*]（按 record_type 拆分）
A11: solutionStability | B11: 溶液稳定性结果 | C11: A2:F103 | D11: 纵向明细表 | E11: impurity_id,time_point,reference_concentration,reference_ratio,spiked_concentration,spiked_ratio | F11: $.solutionStability[*]
A12: robustness | B12: 耐用性结果 | C12: A2:K123 | D12: 纵向明细表 | E12: impurity_id,column_no,solution_name,level,actual_concentration,peak_area,spiked_measured_concentration,slope,intercept,correlation_coefficient,column_concentration_ratio | F12: $.robustnessSpecificity[*] / $.robustnessResult[*]

Sheet 录入规则
A1: 工作表 | B1: 允许录入区域 | C1: 填写规则 | D1: 禁止操作
A2: 杂质清单 | B2: 第4-13行黄色区域 | C2: 固定10个杂质槽位；编号不可修改，其余黄色字段按项目填写 | D2: 表头、公式、绿色区域和表外区域均锁定
A3: 系统适用性结果 | B3: 第4-63行黄色区域 | C3: 每个启用杂质固定6行，最多10个杂质，共60行 | D3: 表头、公式、绿色区域和表外区域均锁定
A4: 专属性结果 | B4: 第4-103行黄色区域 | C4: 每个杂质最多10种溶液，每行一个杂质-溶液结果 | D4: 表头、公式、绿色区域和表外区域均锁定
A5: 检测限定量限结果 | B5: 第4-93行黄色区域 | C5: 每个杂质3行LOD和6行LOQ；结果类型必须选择LOD或LOQ | D5: 表头、公式、绿色区域和表外区域均锁定
A6: 线性溶液数值 | B6: 第4-103行黄色区域 | C6: 每个杂质的初始和中间精密度线性各填写C1-C5数值 | D6: 表头、公式、绿色区域和表外区域均锁定
A7: 线性与范围结果 | B7: 第4-103行黄色区域 | C7: 每个杂质的初始线性和中间精密度线性各固定C1-C5五行 | D7: 表头、公式、绿色区域和表外区域均锁定
A8: 重复性结果 | B8: 第4-63行黄色区域 | C8: 每个杂质每组固定6份；中间精密度使用A/B两组，共12份 | D8: 表头、公式、绿色区域和表外区域均锁定
A9: 中间精密度结果 | B9: 第4-123行黄色区域 | C9: 每个杂质每组固定6份；中间精密度使用A/B两组，共12份 | D9: 表头、公式、绿色区域和表外区域均锁定
A10: 准确度结果 | B10: 第4-153行黄色区域 | C10: 每个杂质先填空白本底，再按LOQ/50%/100%/150%各3份填写 | D10: 表头、公式、绿色区域和表外区域均锁定
A11: 溶液稳定性结果 | B11: 第4-103行黄色区域 | C11: 每个杂质最多10个时间点，必须包含0h基准 | D11: 表头、公式、绿色区域和表外区域均锁定
A12: 耐用性结果 | B12: 第4-123行黄色区域 | C12: 每个杂质每根色谱柱固定C1-C5和加标溶液数据 | D12: 表头、公式、绿色区域和表外区域均锁定

Sheet 系统适用性结果
A1: 系统适用性结果
A2: impurity_id | B2: sequence | C2: retention_time | D2: peak_area | E2: retention_time_rsd | F2: peak_area_rsd
A3: 杂质编号 | B3: No. | C3: 保留时间（min） | D3: 峰面积 | E3: 保留时间RSD（%） | F3: 峰面积RSD（%）
A4: IMP-01 | B4: 1 | E4: =IFERROR(ROUND(STDEV(C4:C9)/AVERAGE(C4:C9)*100,2),"") | F4: =IFERROR(ROUND(STDEV(D4:D9)/AVERAGE(D4:D9)*100,2),"")
A5: IMP-01 | B5: 2 | E5: =IFERROR(ROUND(STDEV(C4:C9)/AVERAGE(C4:C9)*100,2),"") | F5: =IFERROR(ROUND(STDEV(D4:D9)/AVERAGE(D4:D9)*100,2),"")
A6: IMP-01 | B6: 3 | E6: =IFERROR(ROUND(STDEV(C4:C9)/AVERAGE(C4:C9)*100,2),"") | F6: =IFERROR(ROUND(STDEV(D4:D9)/AVERAGE(D4:D9)*100,2),"")
A7: IMP-01 | B7: 4 | E7: =IFERROR(ROUND(STDEV(C4:C9)/AVERAGE(C4:C9)*100,2),"") | F7: =IFERROR(ROUND(STDEV(D4:D9)/AVERAGE(D4:D9)*100,2),"")
A8: IMP-01 | B8: 5 | E8: =IFERROR(ROUND(STDEV(C4:C9)/AVERAGE(C4:C9)*100,2),"") | F8: =IFERROR(ROUND(STDEV(D4:D9)/AVERAGE(D4:D9)*100,2),"")
A9: IMP-01 | B9: 6 | E9: =IFERROR(ROUND(STDEV(C4:C9)/AVERAGE(C4:C9)*100,2),"") | F9: =IFERROR(ROUND(STDEV(D4:D9)/AVERAGE(D4:D9)*100,2),"")
A10: IMP-02 | B10: 1 | E10: =IFERROR(ROUND(STDEV(C10:C15)/AVERAGE(C10:C15)*100,2),"") | F10: =IFERROR(ROUND(STDEV(D10:D15)/AVERAGE(D10:D15)*100,2),"")
A11: IMP-02 | B11: 2 | E11: =IFERROR(ROUND(STDEV(C10:C15)/AVERAGE(C10:C15)*100,2),"") | F11: =IFERROR(ROUND(STDEV(D10:D15)/AVERAGE(D10:D15)*100,2),"")
A12: IMP-02 | B12: 3 | E12: =IFERROR(ROUND(STDEV(C10:C15)/AVERAGE(C10:C15)*100,2),"") | F12: =IFERROR(ROUND(STDEV(D10:D15)/AVERAGE(D10:D15)*100,2),"")
A13: IMP-02 | B13: 4 | E13: =IFERROR(ROUND(STDEV(C10:C15)/AVERAGE(C10:C15)*100,2),"") | F13: =IFERROR(ROUND(STDEV(D10:D15)/AVERAGE(D10:D15)*100,2),"")
A14: IMP-02 | B14: 5 | E14: =IFERROR(ROUND(STDEV(C10:C15)/AVERAGE(C10:C15)*100,2),"") | F14: =IFERROR(ROUND(STDEV(D10:D15)/AVERAGE(D10:D15)*100,2),"")
A15: IMP-02 | B15: 6 | E15: =IFERROR(ROUND(STDEV(C10:C15)/AVERAGE(C10:C15)*100,2),"") | F15: =IFERROR(ROUND(STDEV(D10:D15)/AVERAGE(D10:D15)*100,2),"")
A16: IMP-03 | B16: 1 | E16: =IFERROR(ROUND(STDEV(C16:C21)/AVERAGE(C16:C21)*100,2),"") | F16: =IFERROR(ROUND(STDEV(D16:D21)/AVERAGE(D16:D21)*100,2),"")
A17: IMP-03 | B17: 2 | E17: =IFERROR(ROUND(STDEV(C16:C21)/AVERAGE(C16:C21)*100,2),"") | F17: =IFERROR(ROUND(STDEV(D16:D21)/AVERAGE(D16:D21)*100,2),"")
A18: IMP-03 | B18: 3 | E18: =IFERROR(ROUND(STDEV(C16:C21)/AVERAGE(C16:C21)*100,2),"") | F18: =IFERROR(ROUND(STDEV(D16:D21)/AVERAGE(D16:D21)*100,2),"")
A19: IMP-03 | B19: 4 | E19: =IFERROR(ROUND(STDEV(C16:C21)/AVERAGE(C16:C21)*100,2),"") | F19: =IFERROR(ROUND(STDEV(D16:D21)/AVERAGE(D16:D21)*100,2),"")
A20: IMP-03 | B20: 5 | E20: =IFERROR(ROUND(STDEV(C16:C21)/AVERAGE(C16:C21)*100,2),"") | F20: =IFERROR(ROUND(STDEV(D16:D21)/AVERAGE(D16:D21)*100,2),"")
A21: IMP-03 | B21: 6 | E21: =IFERROR(ROUND(STDEV(C16:C21)/AVERAGE(C16:C21)*100,2),"") | F21: =IFERROR(ROUND(STDEV(D16:D21)/AVERAGE(D16:D21)*100,2),"")
A22: IMP-04 | B22: 1 | E22: =IFERROR(ROUND(STDEV(C22:C27)/AVERAGE(C22:C27)*100,2),"") | F22: =IFERROR(ROUND(STDEV(D22:D27)/AVERAGE(D22:D27)*100,2),"")
A23: IMP-04 | B23: 2 | E23: =IFERROR(ROUND(STDEV(C22:C27)/AVERAGE(C22:C27)*100,2),"") | F23: =IFERROR(ROUND(STDEV(D22:D27)/AVERAGE(D22:D27)*100,2),"")
A24: IMP-04 | B24: 3 | E24: =IFERROR(ROUND(STDEV(C22:C27)/AVERAGE(C22:C27)*100,2),"") | F24: =IFERROR(ROUND(STDEV(D22:D27)/AVERAGE(D22:D27)*100,2),"")
A25: IMP-04 | B25: 4 | E25: =IFERROR(ROUND(STDEV(C22:C27)/AVERAGE(C22:C27)*100,2),"") | F25: =IFERROR(ROUND(STDEV(D22:D27)/AVERAGE(D22:D27)*100,2),"")
A26: IMP-04 | B26: 5 | E26: =IFERROR(ROUND(STDEV(C22:C27)/AVERAGE(C22:C27)*100,2),"") | F26: =IFERROR(ROUND(STDEV(D22:D27)/AVERAGE(D22:D27)*100,2),"")
A27: IMP-04 | B27: 6 | E27: =IFERROR(ROUND(STDEV(C22:C27)/AVERAGE(C22:C27)*100,2),"") | F27: =IFERROR(ROUND(STDEV(D22:D27)/AVERAGE(D22:D27)*100,2),"")
A28: IMP-05 | B28: 1 | E28: =IFERROR(ROUND(STDEV(C28:C33)/AVERAGE(C28:C33)*100,2),"") | F28: =IFERROR(ROUND(STDEV(D28:D33)/AVERAGE(D28:D33)*100,2),"")
A29: IMP-05 | B29: 2 | E29: =IFERROR(ROUND(STDEV(C28:C33)/AVERAGE(C28:C33)*100,2),"") | F29: =IFERROR(ROUND(STDEV(D28:D33)/AVERAGE(D28:D33)*100,2),"")
A30: IMP-05 | B30: 3 | E30: =IFERROR(ROUND(STDEV(C28:C33)/AVERAGE(C28:C33)*100,2),"") | F30: =IFERROR(ROUND(STDEV(D28:D33)/AVERAGE(D28:D33)*100,2),"")
A31: IMP-05 | B31: 4 | E31: =IFERROR(ROUND(STDEV(C28:C33)/AVERAGE(C28:C33)*100,2),"") | F31: =IFERROR(ROUND(STDEV(D28:D33)/AVERAGE(D28:D33)*100,2),"")
A32: IMP-05 | B32: 5 | E32: =IFERROR(ROUND(STDEV(C28:C33)/AVERAGE(C28:C33)*100,2),"") | F32: =IFERROR(ROUND(STDEV(D28:D33)/AVERAGE(D28:D33)*100,2),"")
A33: IMP-05 | B33: 6 | E33: =IFERROR(ROUND(STDEV(C28:C33)/AVERAGE(C28:C33)*100,2),"") | F33: =IFERROR(ROUND(STDEV(D28:D33)/AVERAGE(D28:D33)*100,2),"")
A34: IMP-06 | B34: 1 | E34: =IFERROR(ROUND(STDEV(C34:C39)/AVERAGE(C34:C39)*100,2),"") | F34: =IFERROR(ROUND(STDEV(D34:D39)/AVERAGE(D34:D39)*100,2),"")
A35: IMP-06 | B35: 2 | E35: =IFERROR(ROUND(STDEV(C34:C39)/AVERAGE(C34:C39)*100,2),"") | F35: =IFERROR(ROUND(STDEV(D34:D39)/AVERAGE(D34:D39)*100,2),"")
A36: IMP-06 | B36: 3 | E36: =IFERROR(ROUND(STDEV(C34:C39)/AVERAGE(C34:C39)*100,2),"") | F36: =IFERROR(ROUND(STDEV(D34:D39)/AVERAGE(D34:D39)*100,2),"")
A37: IMP-06 | B37: 4 | E37: =IFERROR(ROUND(STDEV(C34:C39)/AVERAGE(C34:C39)*100,2),"") | F37: =IFERROR(ROUND(STDEV(D34:D39)/AVERAGE(D34:D39)*100,2),"")
A38: IMP-06 | B38: 5 | E38: =IFERROR(ROUND(STDEV(C34:C39)/AVERAGE(C34:C39)*100,2),"") | F38: =IFERROR(ROUND(STDEV(D34:D39)/AVERAGE(D34:D39)*100,2),"")
A39: IMP-06 | B39: 6 | E39: =IFERROR(ROUND(STDEV(C34:C39)/AVERAGE(C34:C39)*100,2),"") | F39: =IFERROR(ROUND(STDEV(D34:D39)/AVERAGE(D34:D39)*100,2),"")
A40: IMP-07 | B40: 1 | E40: =IFERROR(ROUND(STDEV(C40:C45)/AVERAGE(C40:C45)*100,2),"") | F40: =IFERROR(ROUND(STDEV(D40:D45)/AVERAGE(D40:D45)*100,2),"")
A41: IMP-07 | B41: 2 | E41: =IFERROR(ROUND(STDEV(C40:C45)/AVERAGE(C40:C45)*100,2),"") | F41: =IFERROR(ROUND(STDEV(D40:D45)/AVERAGE(D40:D45)*100,2),"")
A42: IMP-07 | B42: 3 | E42: =IFERROR(ROUND(STDEV(C40:C45)/AVERAGE(C40:C45)*100,2),"") | F42: =IFERROR(ROUND(STDEV(D40:D45)/AVERAGE(D40:D45)*100,2),"")
A43: IMP-07 | B43: 4 | E43: =IFERROR(ROUND(STDEV(C40:C45)/AVERAGE(C40:C45)*100,2),"") | F43: =IFERROR(ROUND(STDEV(D40:D45)/AVERAGE(D40:D45)*100,2),"")
A44: IMP-07 | B44: 5 | E44: =IFERROR(ROUND(STDEV(C40:C45)/AVERAGE(C40:C45)*100,2),"") | F44: =IFERROR(ROUND(STDEV(D40:D45)/AVERAGE(D40:D45)*100,2),"")
A45: IMP-07 | B45: 6 | E45: =IFERROR(ROUND(STDEV(C40:C45)/AVERAGE(C40:C45)*100,2),"") | F45: =IFERROR(ROUND(STDEV(D40:D45)/AVERAGE(D40:D45)*100,2),"")
A46: IMP-08 | B46: 1 | E46: =IFERROR(ROUND(STDEV(C46:C51)/AVERAGE(C46:C51)*100,2),"") | F46: =IFERROR(ROUND(STDEV(D46:D51)/AVERAGE(D46:D51)*100,2),"")
A47: IMP-08 | B47: 2 | E47: =IFERROR(ROUND(STDEV(C46:C51)/AVERAGE(C46:C51)*100,2),"") | F47: =IFERROR(ROUND(STDEV(D46:D51)/AVERAGE(D46:D51)*100,2),"")
A48: IMP-08 | B48: 3 | E48: =IFERROR(ROUND(STDEV(C46:C51)/AVERAGE(C46:C51)*100,2),"") | F48: =IFERROR(ROUND(STDEV(D46:D51)/AVERAGE(D46:D51)*100,2),"")
A49: IMP-08 | B49: 4 | E49: =IFERROR(ROUND(STDEV(C46:C51)/AVERAGE(C46:C51)*100,2),"") | F49: =IFERROR(ROUND(STDEV(D46:D51)/AVERAGE(D46:D51)*100,2),"")
A50: IMP-08 | B50: 5 | E50: =IFERROR(ROUND(STDEV(C46:C51)/AVERAGE(C46:C51)*100,2),"") | F50: =IFERROR(ROUND(STDEV(D46:D51)/AVERAGE(D46:D51)*100,2),"")
A51: IMP-08 | B51: 6 | E51: =IFERROR(ROUND(STDEV(C46:C51)/AVERAGE(C46:C51)*100,2),"") | F51: =IFERROR(ROUND(STDEV(D46:D51)/AVERAGE(D46:D51)*100,2),"")
A52: IMP-09 | B52: 1 | E52: =IFERROR(ROUND(STDEV(C52:C57)/AVERAGE(C52:C57)*100,2),"") | F52: =IFERROR(ROUND(STDEV(D52:D57)/AVERAGE(D52:D57)*100,2),"")
A53: IMP-09 | B53: 2 | E53: =IFERROR(ROUND(STDEV(C52:C57)/AVERAGE(C52:C57)*100,2),"") | F53: =IFERROR(ROUND(STDEV(D52:D57)/AVERAGE(D52:D57)*100,2),"")
A54: IMP-09 | B54: 3 | E54: =IFERROR(ROUND(STDEV(C52:C57)/AVERAGE(C52:C57)*100,2),"") | F54: =IFERROR(ROUND(STDEV(D52:D57)/AVERAGE(D52:D57)*100,2),"")
A55: IMP-09 | B55: 4 | E55: =IFERROR(ROUND(STDEV(C52:C57)/AVERAGE(C52:C57)*100,2),"") | F55: =IFERROR(ROUND(STDEV(D52:D57)/AVERAGE(D52:D57)*100,2),"")
A56: IMP-09 | B56: 5 | E56: =IFERROR(ROUND(STDEV(C52:C57)/AVERAGE(C52:C57)*100,2),"") | F56: =IFERROR(ROUND(STDEV(D52:D57)/AVERAGE(D52:D57)*100,2),"")
A57: IMP-09 | B57: 6 | E57: =IFERROR(ROUND(STDEV(C52:C57)/AVERAGE(C52:C57)*100,2),"") | F57: =IFERROR(ROUND(STDEV(D52:D57)/AVERAGE(D52:D57)*100,2),"")
A58: IMP-10 | B58: 1 | E58: =IFERROR(ROUND(STDEV(C58:C63)/AVERAGE(C58:C63)*100,2),"") | F58: =IFERROR(ROUND(STDEV(D58:D63)/AVERAGE(D58:D63)*100,2),"")
A59: IMP-10 | B59: 2 | E59: =IFERROR(ROUND(STDEV(C58:C63)/AVERAGE(C58:C63)*100,2),"") | F59: =IFERROR(ROUND(STDEV(D58:D63)/AVERAGE(D58:D63)*100,2),"")
A60: IMP-10 | B60: 3 | E60: =IFERROR(ROUND(STDEV(C58:C63)/AVERAGE(C58:C63)*100,2),"") | F60: =IFERROR(ROUND(STDEV(D58:D63)/AVERAGE(D58:D63)*100,2),"")
A61: IMP-10 | B61: 4 | E61: =IFERROR(ROUND(STDEV(C58:C63)/AVERAGE(C58:C63)*100,2),"") | F61: =IFERROR(ROUND(STDEV(D58:D63)/AVERAGE(D58:D63)*100,2),"")
A62: IMP-10 | B62: 5 | E62: =IFERROR(ROUND(STDEV(C58:C63)/AVERAGE(C58:C63)*100,2),"") | F62: =IFERROR(ROUND(STDEV(D58:D63)/AVERAGE(D58:D63)*100,2),"")
A63: IMP-10 | B63: 6 | E63: =IFERROR(ROUND(STDEV(C58:C63)/AVERAGE(C58:C63)*100,2),"") | F63: =IFERROR(ROUND(STDEV(D58:D63)/AVERAGE(D58:D63)*100,2),"")

Sheet 专属性结果
A1: 专属性结果
A2: impurity_id | B2: solution_name | C2: retention_time | D2: peak_area
A3: 杂质编号 | B3: 溶液名称 | C3: 保留时间（min） | D3: 峰面积
A4: IMP-01
A5: IMP-01
A6: IMP-01
A7: IMP-01
A8: IMP-01
A9: IMP-01
A10: IMP-01
A11: IMP-01
A12: IMP-01
A13: IMP-01
A14: IMP-02
A15: IMP-02
... A103: IMP-10

Sheet 检测限定量限结果
A1: 检测限定量限结果
A2: impurity_id | B2: result_type | C2: sequence | D2: sn_ratio | E2: peak_area | F2: concentration | G2: sample_content | H2: limit_percentage | I2: peak_area_rsd
A3: 杂质编号 | B3: 结果类型 | C3: No. | D3: 信噪比S/N | E3: 峰面积 | F3: 浓度（ng/ml） | G3: 相当于供试品中含量（ppm） | H3: 占限度百分比（%） | I3: 峰面积RSD（%）
A4: IMP-01 | B4: LOD | C4: 1 | G4: =IFERROR(ROUND(F4/VLOOKUP(A4,'杂质清单'!$A$4:$F$13,6,FALSE),2),"") | H4: =IFERROR(ROUND(G4/VLOOKUP(A4,'杂质清单'!$A$4:$F$13,4,FALSE)*100,2),"") | I4: =IF(B4<>"LOQ","",IFERROR(ROUND(STDEV(E7:E12)/AVERAGE(E7:E12)*100,2),""))
A5: IMP-01 | B5: LOD | C5: 2 | G5: =IFERROR(ROUND(F5/VLOOKUP(A5,'杂质清单'!$A$4:$F$13,6,FALSE),2),"") | H5: =IFERROR(ROUND(G5/VLOOKUP(A5,'杂质清单'!$A$4:$F$13,4,FALSE)*100,2),"") | I5: =IF(B5<>"LOQ","",IFERROR(ROUND(STDEV(E7:E12)/AVERAGE(E7:E12)*100,2),""))
A6: IMP-01 | B6: LOD | C6: 3 | G6: =IFERROR(ROUND(F6/VLOOKUP(A6,'杂质清单'!$A$4:$F$13,6,FALSE),2),"") | H6: =IFERROR(ROUND(G6/VLOOKUP(A6,'杂质清单'!$A$4:$F$13,4,FALSE)*100,2),"") | I6: =IF(B6<>"LOQ","",IFERROR(ROUND(STDEV(E7:E12)/AVERAGE(E7:E12)*100,2),""))
A7: IMP-01 | B7: LOQ | C7: 1 | G7: =IFERROR(ROUND(F7/VLOOKUP(A7,'杂质清单'!$A$4:$F$13,6,FALSE),2),"") | H7: =IFERROR(ROUND(G7/VLOOKUP(A7,'杂质清单'!$A$4:$F$13,4,FALSE)*100,2),"") | I7: =IF(B7<>"LOQ","",IFERROR(ROUND(STDEV(E7:E12)/AVERAGE(E7:E12)*100,2),""))
A8: IMP-01 | B8: LOQ | C8: 2 | G8: =IFERROR(ROUND(F8/VLOOKUP(A8,'杂质清单'!$A$4:$F$13,6,FALSE),2),"") | H8: =IFERROR(ROUND(G8/VLOOKUP(A8,'杂质清单'!$A$4:$F$13,4,FALSE)*100,2),"") | I8: =IF(B8<>"LOQ","",IFERROR(ROUND(STDEV(E7:E12)/AVERAGE(E7:E12)*100,2),""))
A9: IMP-01 | B9: LOQ | C9: 3 | G9: =IFERROR(ROUND(F9/VLOOKUP(A9,'杂质清单'!$A$4:$F$13,6,FALSE),2),"") | H9: =IFERROR(ROUND(G9/VLOOKUP(A9,'杂质清单'!$A$4:$F$13,4,FALSE)*100,2),"") | I9: =IF(B9<>"LOQ","",IFERROR(ROUND(STDEV(E7:E12)/AVERAGE(E7:E12)*100,2),""))
A10: IMP-01 | B10: LOQ | C10: 4 | G10: =IFERROR(ROUND(F10/VLOOKUP(A10,'杂质清单'!$A$4:$F$13,6,FALSE),2),"") | H10: =IFERROR(ROUND(G10/VLOOKUP(A10,'杂质清单'!$A$4:$F$13,4,FALSE)*100,2),"") | I10: =IF(B10<>"LOQ","",IFERROR(ROUND(STDEV(E7:E12)/AVERAGE(E7:E12)*100,2),""))
A11: IMP-01 | B11: LOQ | C11: 5 | G11: =IFERROR(ROUND(F11/VLOOKUP(A11,'杂质清单'!$A$4:$F$13,6,FALSE),2),"") | H11: =IFERROR(ROUND(G11/VLOOKUP(A11,'杂质清单'!$A$4:$F$13,4,FALSE)*100,2),"") | I11: =IF(B11<>"LOQ","",IFERROR(ROUND(STDEV(E7:E12)/AVERAGE(E7:E12)*100,2),""))
A12: IMP-01 | B12: LOQ | C12: 6 | G12: =IFERROR(ROUND(F12/VLOOKUP(A12,'杂质清单'!$A$4:$F$13,6,FALSE),2),"") | H12: =IFERROR(ROUND(G12/VLOOKUP(A12,'杂质清单'!$A$4:$F$13,4,FALSE)*100,2),"") | I12: =IF(B12<>"LOQ","",IFERROR(ROUND(STDEV(E7:E12)/AVERAGE(E7:E12)*100,2),""))
A13: IMP-02 | B13: LOD | C13: 1 | G13: =IFERROR(ROUND(F13/VLOOKUP(A13,'杂质清单'!$A$4:$F$13,6,FALSE),2),"") | H13: =IFERROR(ROUND(G13/VLOOKUP(A13,'杂质清单'!$A$4:$F$13,4,FALSE)*100,2),"") | I13: =IF(B13<>"LOQ","",IFERROR(ROUND(STDEV(E16:E21)/AVERAGE(E16:E21)*100,2),""))
A14: IMP-02 | B14: LOD | C14: 2 | G14: =IFERROR(ROUND(F14/VLOOKUP(A14,'杂质清单'!$A$4:$F$13,6,FALSE),2),"") | H14: =IFERROR(ROUND(G14/VLOOKUP(A14,'杂质清单'!$A$4:$F$13,4,FALSE)*100,2),"") | I14: =IF(B14<>"LOQ","",IFERROR(ROUND(STDEV(E16:E21)/AVERAGE(E16:E21)*100,2),""))
A15: IMP-02 | B15: LOD | C15: 3 | G15: =IFERROR(ROUND(F15/VLOOKUP(A15,'杂质清单'!$A$4:$F$13,6,FALSE),2),"") | H15: =IFERROR(ROUND(G15/VLOOKUP(A15,'杂质清单'!$A$4:$F$13,4,FALSE)*100,2),"") | I15: =IF(B15<>"LOQ","",IFERROR(ROUND(STDEV(E16:E21)/AVERAGE(E16:E21)*100,2),""))
A16: IMP-02 | B16: LOQ | C16: 1 | G16: =IFERROR(ROUND(F16/VLOOKUP(A16,'杂质清单'!$A$4:$F$13,6,FALSE),2),"") | H16: =IFERROR(ROUND(G16/VLOOKUP(A16,'杂质清单'!$A$4:$F$13,4,FALSE)*100,2),"") | I16: =IF(B16<>"LOQ","",IFERROR(ROUND(STDEV(E16:E21)/AVERAGE(E16:E21)*100,2),""))
A17: IMP-02 | B17: LOQ | C17: 2 | G17: =IFERROR(ROUND(F17/VLOOKUP(A17,'杂质清单'!$A$4:$F$13,6,FALSE),2),"") | H17: =IFERROR(ROUND(G17/VLOOKUP(A17,'杂质清单'!$A$4:$F$13,4,FALSE)*100,2),"") | I17: =IF(B17<>"LOQ","",IFERROR(ROUND(STDEV(E16:E21)/AVERAGE(E16:E21)*100,2),""))
A18: IMP-02 | B18: LOQ | C18: 3 | G18: =IFERROR(ROUND(F18/VLOOKUP(A18,'杂质清单'!$A$4:$F$13,6,FALSE),2),"") | H18: =IFERROR(ROUND(G18/VLOOKUP(A18,'杂质清单'!$A$4:$F$13,4,FALSE)*100,2),"") | I18: =IF(B18<>"LOQ","",IFERROR(ROUND(STDEV(E16:E21)/AVERAGE(E16:E21)*100,2),""))
A19: IMP-02 | B19: LOQ | C19: 4 | G19: =IFERROR(ROUND(F19/VLOOKUP(A19,'杂质清单'!$A$4:$F$13,6,FALSE),2),"") | H19: =IFERROR(ROUND(G19/VLOOKUP(A19,'杂质清单'!$A$4:$F$13,4,FALSE)*100,2),"") | I19: =IF(B19<>"LOQ","",IFERROR(ROUND(STDEV(E16:E21)/AVERAGE(E16:E21)*100,2),""))
A20: IMP-02 | B20: LOQ | C20: 5 | G20: =IFERROR(ROUND(F20/VLOOKUP(A20,'杂质清单'!$A$4:$F$13,6,FALSE),2),"") | H20: =IFERROR(ROUND(G20/VLOOKUP(A20,'杂质清单'!$A$4:$F$13,4,FALSE)*100,2),"") | I20: =IF(B20<>"LOQ","",IFERROR(ROUND(STDEV(E16:E21)/AVERAGE(E16:E21)*100,2),""))
A21: IMP-02 | B21: LOQ | C21: 6 | G21: =IFERROR(ROUND(F21/VLOOKUP(A21,'杂质清单'!$A$4:$F$13,6,FALSE),2),"") | H21: =IFERROR(ROUND(G21/VLOOKUP(A21,'杂质清单'!$A$4:$F$13,4,FALSE)*100,2),"") | I21: =IF(B21<>"LOQ","",IFERROR(ROUND(STDEV(E16:E21)/AVERAGE(E16:E21)*100,2),""))
A22: IMP-03 | B22: LOD | C22: 1 | G22: =IFERROR(ROUND(F22/VLOOKUP(A22,'杂质清单'!$A$4:$F$13,6,FALSE),2),"") | H22: =IFERROR(ROUND(G22/VLOOKUP(A22,'杂质清单'!$A$4:$F$13,4,FALSE)*100,2),"") | I22: =IF(B22<>"LOQ","",IFERROR(ROUND(STDEV(E25:E30)/AVERAGE(E25:E30)*100,2),""))
A23: IMP-03 | B23: LOD | C23: 2 | G23: =IFERROR(ROUND(F23/VLOOKUP(A23,'杂质清单'!$A$4:$F$13,6,FALSE),2),"") | H23: =IFERROR(ROUND(G23/VLOOKUP(A23,'杂质清单'!$A$4:$F$13,4,FALSE)*100,2),"") | I23: =IF(B23<>"LOQ","",IFERROR(ROUND(STDEV(E25:E30)/AVERAGE(E25:E30)*100,2),""))
A24: IMP-03 | B24: LOD | C24: 3 | G24: =IFERROR(ROUND(F24/VLOOKUP(A24,'杂质清单'!$A$4:$F$13,6,FALSE),2),"") | H24: =IFERROR(ROUND(G24/VLOOKUP(A24,'杂质清单'!$A$4:$F$13,4,FALSE)*100,2),"") | I24: =IF(B24<>"LOQ","",IFERROR(ROUND(STDEV(E25:E30)/AVERAGE(E25:E30)*100,2),""))
A25: IMP-03 | B25: LOQ | C25: 1 | G25: =IFERROR(ROUND(F25/VLOOKUP(A25,'杂质清单'!$A$4:$F$13,6,FALSE),2),"") | H25: =IFERROR(ROUND(G25/VLOOKUP(A25,'杂质清单'!$A$4:$F$13,4,FALSE)*100,2),"") | I25: =IF(B25<>"LOQ","",IFERROR(ROUND(STDEV(E25:E30)/AVERAGE(E25:E30)*100,2),""))
A26: IMP-03 | B26: LOQ | C26: 2 | G26: =IFERROR(ROUND(F26/VLOOKUP(A26,'杂质清单'!$A$4:$F$13,6,FALSE),2),"") | H26: =IFERROR(ROUND(G26/VLOOKUP(A26,'杂质清单'!$A$4:$F$13,4,FALSE)*100,2),"") | I26: =IF(B26<>"LOQ","",IFERROR(ROUND(STDEV(E25:E30)/AVERAGE(E25:E30)*100,2),""))
A27: IMP-03 | B27: LOQ | C27: 3 | G27: =IFERROR(ROUND(F27/VLOOKUP(A27,'杂质清单'!$A$4:$F$13,6,FALSE),2),"") | H27: =IFERROR(ROUND(G27/VLOOKUP(A27,'杂质清单'!$A$4:$F$13,4,FALSE)*100,2),"") | I27: =IF(B27<>"LOQ","",IFERROR(ROUND(STDEV(E25:E30)/AVERAGE(E25:E30)*100,2),""))
A28: IMP-03 | B28: LOQ | C28: 4 | G28: =IFERROR(ROUND(F28/VLOOKUP(A28,'杂质清单'!$A$4:$F$13,6,FALSE),2),"") | H28: =IFERROR(ROUND(G28/VLOOKUP(A28,'杂质清单'!$A$4:$F$13,4,FALSE)*100,2),"") | I28: =IF(B28<>"LOQ","",IFERROR(ROUND(STDEV(E25:E30)/AVERAGE(E25:E30)*100,2),""))
A29: IMP-03 | B29: LOQ | C29: 5 | G29: =IFERROR(ROUND(F29/VLOOKUP(A29,'杂质清单'!$A$4:$F$13,6,FALSE),2),"") | H29: =IFERROR(ROUND(G29/VLOOKUP(A29,'杂质清单'!$A$4:$F$13,4,FALSE)*100,2),"") | I29: =IF(B29<>"LOQ","",IFERROR(ROUND(STDEV(E25:E30)/AVERAGE(E25:E30)*100,2),""))
A30: IMP-03 | B30: LOQ | C30: 6 | G30: =IFERROR(ROUND(F30/VLOOKUP(A30,'杂质清单'!$A$4:$F$13,6,FALSE),2),"") | H30: =IFERROR(ROUND(G30/VLOOKUP(A30,'杂质清单'!$A$4:$F$13,4,FALSE)*100,2),"") | I30: =IF(B30<>"LOQ","",IFERROR(ROUND(STDEV(E25:E30)/AVERAGE(E25:E30)*100,2),""))
A31: IMP-04 | B31: LOD | C31: 1 | G31: =IFERROR(ROUND(F31/VLOOKUP(A31,'杂质清单'!$A$4:$F$13,6,FALSE),2),"") | H31: =IFERROR(ROUND(G31/VLOOKUP(A31,'杂质清单'!$A$4:$F$13,4,FALSE)*100,2),"") | I31: =IF(B31<>"LOQ","",IFERROR(ROUND(STDEV(E34:E39)/AVERAGE(E34:E39)*100,2),""))
A32: IMP-04 | B32: LOD | C32: 2 | G32: =IFERROR(ROUND(F32/VLOOKUP(A32,'杂质清单'!$A$4:$F$13,6,FALSE),2),"") | H32: =IFERROR(ROUND(G32/VLOOKUP(A32,'杂质清单'!$A$4:$F$13,4,FALSE)*100,2),"") | I32: =IF(B32<>"LOQ","",IFERROR(ROUND(STDEV(E34:E39)/AVERAGE(E34:E39)*100,2),""))
A33: IMP-04 | B33: LOD | C33: 3 | G33: =IFERROR(ROUND(F33/VLOOKUP(A33,'杂质清单'!$A$4:$F$13,6,FALSE),2),"") | H33: =IFERROR(ROUND(G33/VLOOKUP(A33,'杂质清单'!$A$4:$F$13,4,FALSE)*100,2),"") | I33: =IF(B33<>"LOQ","",IFERROR(ROUND(STDEV(E34:E39)/AVERAGE(E34:E39)*100,2),""))
A34: IMP-04 | B34: LOQ | C34: 1 | G34: =IFERROR(ROUND(F34/VLOOKUP(A34,'杂质清单'!$A$4:$F$13,6,FALSE),2),"") | H34: =IFERROR(ROUND(G34/VLOOKUP(A34,'杂质清单'!$A$4:$F$13,4,FALSE)*100,2),"") | I34: =IF(B34<>"LOQ","",IFERROR(ROUND(STDEV(E34:E39)/AVERAGE(E34:E39)*100,2),""))
A35: IMP-04 | B35: LOQ | C35: 2 | G35: =IFERROR(ROUND(F35/VLOOKUP(A35,'杂质清单'!$A$4:$F$13,6,FALSE),2),"") | H35: =IFERROR(ROUND(G35/VLOOKUP(A35,'杂质清单'!$A$4:$F$13,4,FALSE)*100,2),"") | I35: =IF(B35<>"LOQ","",IFERROR(ROUND(STDEV(E34:E39)/AVERAGE(E34:E39)*100,2),""))
A36: IMP-04 | B36: LOQ | C36: 3 | G36: =IFERROR(ROUND(F36/VLOOKUP(A36,'杂质清单'!$A$4:$F$13,6,FALSE),2),"") | H36: =IFERROR(ROUND(G36/VLOOKUP(A36,'杂质清单'!$A$4:$F$13,4,FALSE)*100,2),"") | I36: =IF(B36<>"LOQ","",IFERROR(ROUND(STDEV(E34:E39)/AVERAGE(E34:E39)*100,2),""))
A37: IMP-04 | B37: LOQ | C37: 4 | G37: =IFERROR(ROUND(F37/VLOOKUP(A37,'杂质清单'!$A$4:$F$13,6,FALSE),2),"") | H37: =IFERROR(ROUND(G37/VLOOKUP(A37,'杂质清单'!$A$4:$F$13,4,FALSE)*100,2),"") | I37: =IF(B37<>"LOQ","",IFERROR(ROUND(STDEV(E34:E39)/AVERAGE(E34:E39)*100,2),""))
A38: IMP-04 | B38: LOQ | C38: 5 | G38: =IFERROR(ROUND(F38/VLOOKUP(A38,'杂质清单'!$A$4:$F$13,6,FALSE),2),"") | H38: =IFERROR(ROUND(G38/VLOOKUP(A38,'杂质清单'!$A$4:$F$13,4,FALSE)*100,2),"") | I38: =IF(B38<>"LOQ","",IFERROR(ROUND(STDEV(E34:E39)/AVERAGE(E34:E39)*100,2),""))
A39: IMP-04 | B39: LOQ | C39: 6 | G39: =IFERROR(ROUND(F39/VLOOKUP(A39,'杂质清单'!$A$4:$F$13,6,FALSE),2),"") | H39: =IFERROR(ROUND(G39/VLOOKUP(A39,'杂质清单'!$A$4:$F$13,4,FALSE)*100,2),"") | I39: =IF(B39<>"LOQ","",IFERROR(ROUND(STDEV(E34:E39)/AVERAGE(E34:E39)*100,2),""))
A40: IMP-05 | B40: LOD | C40: 1 | G40: =IFERROR(ROUND(F40/VLOOKUP(A40,'杂质清单'!$A$4:$F$13,6,FALSE),2),"") | H40: =IFERROR(ROUND(G40/VLOOKUP(A40,'杂质清单'!$A$4:$F$13,4,FALSE)*100,2),"") | I40: =IF(B40<>"LOQ","",IFERROR(ROUND(STDEV(E43:E48)/AVERAGE(E43:E48)*100,2),""))
A41: IMP-05 | B41: LOD | C41: 2 | G41: =IFERROR(ROUND(F41/VLOOKUP(A41,'杂质清单'!$A$4:$F$13,6,FALSE),2),"") | H41: =IFERROR(ROUND(G41/VLOOKUP(A41,'杂质清单'!$A$4:$F$13,4,FALSE)*100,2),"") | I41: =IF(B41<>"LOQ","",IFERROR(ROUND(STDEV(E43:E48)/AVERAGE(E43:E48)*100,2),""))
A42: IMP-05 | B42: LOD | C42: 3 | G42: =IFERROR(ROUND(F42/VLOOKUP(A42,'杂质清单'!$A$4:$F$13,6,FALSE),2),"") | H42: =IFERROR(ROUND(G42/VLOOKUP(A42,'杂质清单'!$A$4:$F$13,4,FALSE)*100,2),"") | I42: =IF(B42<>"LOQ","",IFERROR(ROUND(STDEV(E43:E48)/AVERAGE(E43:E48)*100,2),""))
A43: IMP-05 | B43: LOQ | C43: 1 | G43: =IFERROR(ROUND(F43/VLOOKUP(A43,'杂质清单'!$A$4:$F$13,6,FALSE),2),"") | H43: =IFERROR(ROUND(G43/VLOOKUP(A43,'杂质清单'!$A$4:$F$13,4,FALSE)*100,2),"") | I43: =IF(B43<>"LOQ","",IFERROR(ROUND(STDEV(E43:E48)/AVERAGE(E43:E48)*100,2),""))
A44: IMP-05 | B44: LOQ | C44: 2 | G44: =IFERROR(ROUND(F44/VLOOKUP(A44,'杂质清单'!$A$4:$F$13,6,FALSE),2),"") | H44: =IFERROR(ROUND(G44/VLOOKUP(A44,'杂质清单'!$A$4:$F$13,4,FALSE)*100,2),"") | I44: =IF(B44<>"LOQ","",IFERROR(ROUND(STDEV(E43:E48)/AVERAGE(E43:E48)*100,2),""))
A45: IMP-05 | B45: LOQ | C45: 3 | G45: =IFERROR(ROUND(F45/VLOOKUP(A45,'杂质清单'!$A$4:$F$13,6,FALSE),2),"") | H45: =IFERROR(ROUND(G45/VLOOKUP(A45,'杂质清单'!$A$4:$F$13,4,FALSE)*100,2),"") | I45: =IF(B45<>"LOQ","",IFERROR(ROUND(STDEV(E43:E48)/AVERAGE(E43:E48)*100,2),""))
A46: IMP-05 | B46: LOQ | C46: 4 | G46: =IFERROR(ROUND(F46/VLOOKUP(A46,'杂质清单'!$A$4:$F$13,6,FALSE),2),"") | H46: =IFERROR(ROUND(G46/VLOOKUP(A46,'杂质清单'!$A$4:$F$13,4,FALSE)*100,2),"") | I46: =IF(B46<>"LOQ","",IFERROR(ROUND(STDEV(E43:E48)/AVERAGE(E43:E48)*100,2),""))
A47: IMP-05 | B47: LOQ | C47: 5 | G47: =IFERROR(ROUND(F47/VLOOKUP(A47,'杂质清单'!$A$4:$F$13,6,FALSE),2),"") | H47: =IFERROR(ROUND(G47/VLOOKUP(A47,'杂质清单'!$A$4:$F$13,4,FALSE)*100,2),"") | I47: =IF(B47<>"LOQ","",IFERROR(ROUND(STDEV(E43:E48)/AVERAGE(E43:E48)*100,2),""))
A48: IMP-05 | B48: LOQ | C48: 6 | G48: =IFERROR(ROUND(F48/VLOOKUP(A48,'杂质清单'!$A$4:$F$13,6,FALSE),2),"") | H48: =IFERROR(ROUND(G48/VLOOKUP(A48,'杂质清单'!$A$4:$F$13,4,FALSE)*100,2),"") | I48: =IF(B48<>"LOQ","",IFERROR(ROUND(STDEV(E43:E48)/AVERAGE(E43:E48)*100,2),""))
A49: IMP-06 | B49: LOD | C49: 1 | G49: =IFERROR(ROUND(F49/VLOOKUP(A49,'杂质清单'!$A$4:$F$13,6,FALSE),2),"") | H49: =IFERROR(ROUND(G49/VLOOKUP(A49,'杂质清单'!$A$4:$F$13,4,FALSE)*100,2),"") | I49: =IF(B49<>"LOQ","",IFERROR(ROUND(STDEV(E52:E57)/AVERAGE(E52:E57)*100,2),""))
A50: IMP-06 | B50: LOD | C50: 2 | G50: =IFERROR(ROUND(F50/VLOOKUP(A50,'杂质清单'!$A$4:$F$13,6,FALSE),2),"") | H50: =IFERROR(ROUND(G50/VLOOKUP(A50,'杂质清单'!$A$4:$F$13,4,FALSE)*100,2),"") | I50: =IF(B50<>"LOQ","",IFERROR(ROUND(STDEV(E52:E57)/AVERAGE(E52:E57)*100,2),""))
A51: IMP-06 | B51: LOD | C51: 3 | G51: =IFERROR(ROUND(F51/VLOOKUP(A51,'杂质清单'!$A$4:$F$13,6,FALSE),2),"") | H51: =IFERROR(ROUND(G51/VLOOKUP(A51,'杂质清单'!$A$4:$F$13,4,FALSE)*100,2),"") | I51: =IF(B51<>"LOQ","",IFERROR(ROUND(STDEV(E52:E57)/AVERAGE(E52:E57)*100,2),""))
A52: IMP-06 | B52: LOQ | C52: 1 | G52: =IFERROR(ROUND(F52/VLOOKUP(A52,'杂质清单'!$A$4:$F$13,6,FALSE),2),"") | H52: =IFERROR(ROUND(G52/VLOOKUP(A52,'杂质清单'!$A$4:$F$13,4,FALSE)*100,2),"") | I52: =IF(B52<>"LOQ","",IFERROR(ROUND(STDEV(E52:E57)/AVERAGE(E52:E57)*100,2),""))
A53: IMP-06 | B53: LOQ | C53: 2 | G53: =IFERROR(ROUND(F53/VLOOKUP(A53,'杂质清单'!$A$4:$F$13,6,FALSE),2),"") | H53: =IFERROR(ROUND(G53/VLOOKUP(A53,'杂质清单'!$A$4:$F$13,4,FALSE)*100,2),"") | I53: =IF(B53<>"LOQ","",IFERROR(ROUND(STDEV(E52:E57)/AVERAGE(E52:E57)*100,2),""))
A54: IMP-06 | B54: LOQ | C54: 3 | G54: =IFERROR(ROUND(F54/VLOOKUP(A54,'杂质清单'!$A$4:$F$13,6,FALSE),2),"") | H54: =IFERROR(ROUND(G54/VLOOKUP(A54,'杂质清单'!$A$4:$F$13,4,FALSE)*100,2),"") | I54: =IF(B54<>"LOQ","",IFERROR(ROUND(STDEV(E52:E57)/AVERAGE(E52:E57)*100,2),""))
A55: IMP-06 | B55: LOQ | C55: 4 | G55: =IFERROR(ROUND(F55/VLOOKUP(A55,'杂质清单'!$A$4:$F$13,6,FALSE),2),"") | H55: =IFERROR(ROUND(G55/VLOOKUP(A55,'杂质清单'!$A$4:$F$13,4,FALSE)*100,2),"") | I55: =IF(B55<>"LOQ","",IFERROR(ROUND(STDEV(E52:E57)/AVERAGE(E52:E57)*100,2),""))
A56: IMP-06 | B56: LOQ | C56: 5 | G56: =IFERROR(ROUND(F56/VLOOKUP(A56,'杂质清单'!$A$4:$F$13,6,FALSE),2),"") | H56: =IFERROR(ROUND(G56/VLOOKUP(A56,'杂质清单'!$A$4:$F$13,4,FALSE)*100,2),"") | I56: =IF(B56<>"LOQ","",IFERROR(ROUND(STDEV(E52:E57)/AVERAGE(E52:E57)*100,2),""))
A57: IMP-06 | B57: LOQ | C57: 6 | G57: =IFERROR(ROUND(F57/VLOOKUP(A57,'杂质清单'!$A$4:$F$13,6,FALSE),2),"") | H57: =IFERROR(ROUND(G57/VLOOKUP(A57,'杂质清单'!$A$4:$F$13,4,FALSE)*100,2),"") | I57: =IF(B57<>"LOQ","",IFERROR(ROUND(STDEV(E52:E57)/AVERAGE(E52:E57)*100,2),""))
A58: IMP-07 | B58: LOD | C58: 1 | G58: =IFERROR(ROUND(F58/VLOOKUP(A58,'杂质清单'!$A$4:$F$13,6,FALSE),2),"") | H58: =IFERROR(ROUND(G58/VLOOKUP(A58,'杂质清单'!$A$4:$F$13,4,FALSE)*100,2),"") | I58: =IF(B58<>"LOQ","",IFERROR(ROUND(STDEV(E61:E66)/AVERAGE(E61:E66)*100,2),""))
A59: IMP-07 | B59: LOD | C59: 2 | G59: =IFERROR(ROUND(F59/VLOOKUP(A59,'杂质清单'!$A$4:$F$13,6,FALSE),2),"") | H59: =IFERROR(ROUND(G59/VLOOKUP(A59,'杂质清单'!$A$4:$F$13,4,FALSE)*100,2),"") | I59: =IF(B59<>"LOQ","",IFERROR(ROUND(STDEV(E61:E66)/AVERAGE(E61:E66)*100,2),""))
A60: IMP-07 | B60: LOD | C60: 3 | G60: =IFERROR(ROUND(F60/VLOOKUP(A60,'杂质清单'!$A$4:$F$13,6,FALSE),2),"") | H60: =IFERROR(ROUND(G60/VLOOKUP(A60,'杂质清单'!$A$4:$F$13,4,FALSE)*100,2),"") | I60: =IF(B60<>"LOQ","",IFERROR(ROUND(STDEV(E61:E66)/AVERAGE(E61:E66)*100,2),""))
A61: IMP-07 | B61: LOQ | C61: 1 | G61: =IFERROR(ROUND(F61/VLOOKUP(A61,'杂质清单'!$A$4:$F$13,6,FALSE),2),"") | H61: =IFERROR(ROUND(G61/VLOOKUP(A61,'杂质清单'!$A$4:$F$13,4,FALSE)*100,2),"") | I61: =IF(B61<>"LOQ","",IFERROR(ROUND(STDEV(E61:E66)/AVERAGE(E61:E66)*100,2),""))
A62: IMP-07 | B62: LOQ | C62: 2 | G62: =IFERROR(ROUND(F62/VLOOKUP(A62,'杂质清单'!$A$4:$F$13,6,FALSE),2),"") | H62: =IFERROR(ROUND(G62/VLOOKUP(A62,'杂质清单'!$A$4:$F$13,4,FALSE)*100,2),"") | I62: =IF(B62<>"LOQ","",IFERROR(ROUND(STDEV(E61:E66)/AVERAGE(E61:E66)*100,2),""))
A63: IMP-07 | B63: LOQ | C63: 3 | G63: =IFERROR(ROUND(F63/VLOOKUP(A63,'杂质清单'!$A$4:$F$13,6,FALSE),2),"") | H63: =IFERROR(ROUND(G63/VLOOKUP(A63,'杂质清单'!$A$4:$F$13,4,FALSE)*100,2),"") | I63: =IF(B63<>"LOQ","",IFERROR(ROUND(STDEV(E61:E66)/AVERAGE(E61:E66)*100,2),""))
A64: IMP-07 | B64: LOQ | C64: 4 | G64: =IFERROR(ROUND(F64/VLOOKUP(A64,'杂质清单'!$A$4:$F$13,6,FALSE),2),"") | H64: =IFERROR(ROUND(G64/VLOOKUP(A64,'杂质清单'!$A$4:$F$13,4,FALSE)*100,2),"") | I64: =IF(B64<>"LOQ","",IFERROR(ROUND(STDEV(E61:E66)/AVERAGE(E61:E66)*100,2),""))
A65: IMP-07 | B65: LOQ | C65: 5 | G65: =IFERROR(ROUND(F65/VLOOKUP(A65,'杂质清单'!$A$4:$F$13,6,FALSE),2),"") | H65: =IFERROR(ROUND(G65/VLOOKUP(A65,'杂质清单'!$A$4:$F$13,4,FALSE)*100,2),"") | I65: =IF(B65<>"LOQ","",IFERROR(ROUND(STDEV(E61:E66)/AVERAGE(E61:E66)*100,2),""))
A66: IMP-07 | B66: LOQ | C66: 6 | G66: =IFERROR(ROUND(F66/VLOOKUP(A66,'杂质清单'!$A$4:$F$13,6,FALSE),2),"") | H66: =IFERROR(ROUND(G66/VLOOKUP(A66,'杂质清单'!$A$4:$F$13,4,FALSE)*100,2),"") | I66: =IF(B66<>"LOQ","",IFERROR(ROUND(STDEV(E61:E66)/AVERAGE(E61:E66)*100,2),""))
A67: IMP-08 | B67: LOD | C67: 1 | G67: =IFERROR(ROUND(F67/VLOOKUP(A67,'杂质清单'!$A$4:$F$13,6,FALSE),2),"") | H67: =IFERROR(ROUND(G67/VLOOKUP(A67,'杂质清单'!$A$4:$F$13,4,FALSE)*100,2),"") | I67: =IF(B67<>"LOQ","",IFERROR(ROUND(STDEV(E70:E75)/AVERAGE(E70:E75)*100,2),""))
A68: IMP-08 | B68: LOD | C68: 2 | G68: =IFERROR(ROUND(F68/VLOOKUP(A68,'杂质清单'!$A$4:$F$13,6,FALSE),2),"") | H68: =IFERROR(ROUND(G68/VLOOKUP(A68,'杂质清单'!$A$4:$F$13,4,FALSE)*100,2),"") | I68: =IF(B68<>"LOQ","",IFERROR(ROUND(STDEV(E70:E75)/AVERAGE(E70:E75)*100,2),""))
A69: IMP-08 | B69: LOD | C69: 3 | G69: =IFERROR(ROUND(F69/VLOOKUP(A69,'杂质清单'!$A$4:$F$13,6,FALSE),2),"") | H69: =IFERROR(ROUND(G69/VLOOKUP(A69,'杂质清单'!$A$4:$F$13,4,FALSE)*100,2),"") | I69: =IF(B69<>"LOQ","",IFERROR(ROUND(STDEV(E70:E75)/AVERAGE(E70:E75)*100,2),""))
A70: IMP-08 | B70: LOQ | C70: 1 | G70: =IFERROR(ROUND(F70/VLOOKUP(A70,'杂质清单'!$A$4:$F$13,6,FALSE),2),"") | H70: =IFERROR(ROUND(G70/VLOOKUP(A70,'杂质清单'!$A$4:$F$13,4,FALSE)*100,2),"") | I70: =IF(B70<>"LOQ","",IFERROR(ROUND(STDEV(E70:E75)/AVERAGE(E70:E75)*100,2),""))
A71: IMP-08 | B71: LOQ | C71: 2 | G71: =IFERROR(ROUND(F71/VLOOKUP(A71,'杂质清单'!$A$4:$F$13,6,FALSE),2),"") | H71: =IFERROR(ROUND(G71/VLOOKUP(A71,'杂质清单'!$A$4:$F$13,4,FALSE)*100,2),"") | I71: =IF(B71<>"LOQ","",IFERROR(ROUND(STDEV(E70:E75)/AVERAGE(E70:E75)*100,2),""))
A72: IMP-08 | B72: LOQ | C72: 3 | G72: =IFERROR(ROUND(F72/VLOOKUP(A72,'杂质清单'!$A$4:$F$13,6,FALSE),2),"") | H72: =IFERROR(ROUND(G72/VLOOKUP(A72,'杂质清单'!$A$4:$F$13,4,FALSE)*100,2),"") | I72: =IF(B72<>"LOQ","",IFERROR(ROUND(STDEV(E70:E75)/AVERAGE(E70:E75)*100,2),""))
A73: IMP-08 | B73: LOQ | C73: 4 | G73: =IFERROR(ROUND(F73/VLOOKUP(A73,'杂质清单'!$A$4:$F$13,6,FALSE),2),"") | H73: =IFERROR(ROUND(G73/VLOOKUP(A73,'杂质清单'!$A$4:$F$13,4,FALSE)*100,2),"") | I73: =IF(B73<>"LOQ","",IFERROR(ROUND(STDEV(E70:E75)/AVERAGE(E70:E75)*100,2),""))
A74: IMP-08 | B74: LOQ | C74: 5 | G74: =IFERROR(ROUND(F74/VLOOKUP(A74,'杂质清单'!$A$4:$F$13,6,FALSE),2),"") | H74: =IFERROR(ROUND(G74/VLOOKUP(A74,'杂质清单'!$A$4:$F$13,4,FALSE)*100,2),"") | I74: =IF(B74<>"LOQ","",IFERROR(ROUND(STDEV(E70:E75)/AVERAGE(E70:E75)*100,2),""))
A75: IMP-08 | B75: LOQ | C75: 6 | G75: =IFERROR(ROUND(F75/VLOOKUP(A75,'杂质清单'!$A$4:$F$13,6,FALSE),2),"") | H75: =IFERROR(ROUND(G75/VLOOKUP(A75,'杂质清单'!$A$4:$F$13,4,FALSE)*100,2),"") | I75: =IF(B75<>"LOQ","",IFERROR(ROUND(STDEV(E70:E75)/AVERAGE(E70:E75)*100,2),""))
A76: IMP-09 | B76: LOD | C76: 1 | G76: =IFERROR(ROUND(F76/VLOOKUP(A76,'杂质清单'!$A$4:$F$13,6,FALSE),2),"") | H76: =IFERROR(ROUND(G76/VLOOKUP(A76,'杂质清单'!$A$4:$F$13,4,FALSE)*100,2),"") | I76: =IF(B76<>"LOQ","",IFERROR(ROUND(STDEV(E79:E84)/AVERAGE(E79:E84)*100,2),""))
A77: IMP-09 | B77: LOD | C77: 2 | G77: =IFERROR(ROUND(F77/VLOOKUP(A77,'杂质清单'!$A$4:$F$13,6,FALSE),2),"") | H77: =IFERROR(ROUND(G77/VLOOKUP(A77,'杂质清单'!$A$4:$F$13,4,FALSE)*100,2),"") | I77: =IF(B77<>"LOQ","",IFERROR(ROUND(STDEV(E79:E84)/AVERAGE(E79:E84)*100,2),""))
A78: IMP-09 | B78: LOD | C78: 3 | G78: =IFERROR(ROUND(F78/VLOOKUP(A78,'杂质清单'!$A$4:$F$13,6,FALSE),2),"") | H78: =IFERROR(ROUND(G78/VLOOKUP(A78,'杂质清单'!$A$4:$F$13,4,FALSE)*100,2),"") | I78: =IF(B78<>"LOQ","",IFERROR(ROUND(STDEV(E79:E84)/AVERAGE(E79:E84)*100,2),""))
A79: IMP-09 | B79: LOQ | C79: 1 | G79: =IFERROR(ROUND(F79/VLOOKUP(A79,'杂质清单'!$A$4:$F$13,6,FALSE),2),"") | H79: =IFERROR(ROUND(G79/VLOOKUP(A79,'杂质清单'!$A$4:$F$13,4,FALSE)*100,2),"") | I79: =IF(B79<>"LOQ","",IFERROR(ROUND(STDEV(E79:E84)/AVERAGE(E79:E84)*100,2),""))
A80: IMP-09 | B80: LOQ | C80: 2 | G80: =IFERROR(ROUND(F80/VLOOKUP(A80,'杂质清单'!$A$4:$F$13,6,FALSE),2),"") | H80: =IFERROR(ROUND(G80/VLOOKUP(A80,'杂质清单'!$A$4:$F$13,4,FALSE)*100,2),"") | I80: =IF(B80<>"LOQ","",IFERROR(ROUND(STDEV(E79:E84)/AVERAGE(E79:E84)*100,2),""))
A81: IMP-09 | B81: LOQ | C81: 3 | G81: =IFERROR(ROUND(F81/VLOOKUP(A81,'杂质清单'!$A$4:$F$13,6,FALSE),2),"") | H81: =IFERROR(ROUND(G81/VLOOKUP(A81,'杂质清单'!$A$4:$F$13,4,FALSE)*100,2),"") | I81: =IF(B81<>"LOQ","",IFERROR(ROUND(STDEV(E79:E84)/AVERAGE(E79:E84)*100,2),""))
A82: IMP-09 | B82: LOQ | C82: 4 | G82: =IFERROR(ROUND(F82/VLOOKUP(A82,'杂质清单'!$A$4:$F$13,6,FALSE),2),"") | H82: =IFERROR(ROUND(G82/VLOOKUP(A82,'杂质清单'!$A$4:$F$13,4,FALSE)*100,2),"") | I82: =IF(B82<>"LOQ","",IFERROR(ROUND(STDEV(E79:E84)/AVERAGE(E79:E84)*100,2),""))
A83: IMP-09 | B83: LOQ | C83: 5 | G83: =IFERROR(ROUND(F83/VLOOKUP(A83,'杂质清单'!$A$4:$F$13,6,FALSE),2),"") | H83: =IFERROR(ROUND(G83/VLOOKUP(A83,'杂质清单'!$A$4:$F$13,4,FALSE)*100,2),"") | I83: =IF(B83<>"LOQ","",IFERROR(ROUND(STDEV(E79:E84)/AVERAGE(E79:E84)*100,2),""))
A84: IMP-09 | B84: LOQ | C84: 6 | G84: =IFERROR(ROUND(F84/VLOOKUP(A84,'杂质清单'!$A$4:$F$13,6,FALSE),2),"") | H84: =IFERROR(ROUND(G84/VLOOKUP(A84,'杂质清单'!$A$4:$F$13,4,FALSE)*100,2),"") | I84: =IF(B84<>"LOQ","",IFERROR(ROUND(STDEV(E79:E84)/AVERAGE(E79:E84)*100,2),""))
A85: IMP-10 | B85: LOD | C85: 1 | G85: =IFERROR(ROUND(F85/VLOOKUP(A85,'杂质清单'!$A$4:$F$13,6,FALSE),2),"") | H85: =IFERROR(ROUND(G85/VLOOKUP(A85,'杂质清单'!$A$4:$F$13,4,FALSE)*100,2),"") | I85: =IF(B85<>"LOQ","",IFERROR(ROUND(STDEV(E88:E93)/AVERAGE(E88:E93)*100,2),""))
A86: IMP-10 | B86: LOD | C86: 2 | G86: =IFERROR(ROUND(F86/VLOOKUP(A86,'杂质清单'!$A$4:$F$13,6,FALSE),2),"") | H86: =IFERROR(ROUND(G86/VLOOKUP(A86,'杂质清单'!$A$4:$F$13,4,FALSE)*100,2),"") | I86: =IF(B86<>"LOQ","",IFERROR(ROUND(STDEV(E88:E93)/AVERAGE(E88:E93)*100,2),""))
A87: IMP-10 | B87: LOD | C87: 3 | G87: =IFERROR(ROUND(F87/VLOOKUP(A87,'杂质清单'!$A$4:$F$13,6,FALSE),2),"") | H87: =IFERROR(ROUND(G87/VLOOKUP(A87,'杂质清单'!$A$4:$F$13,4,FALSE)*100,2),"") | I87: =IF(B87<>"LOQ","",IFERROR(ROUND(STDEV(E88:E93)/AVERAGE(E88:E93)*100,2),""))
A88: IMP-10 | B88: LOQ | C88: 1 | G88: =IFERROR(ROUND(F88/VLOOKUP(A88,'杂质清单'!$A$4:$F$13,6,FALSE),2),"") | H88: =IFERROR(ROUND(G88/VLOOKUP(A88,'杂质清单'!$A$4:$F$13,4,FALSE)*100,2),"") | I88: =IF(B88<>"LOQ","",IFERROR(ROUND(STDEV(E88:E93)/AVERAGE(E88:E93)*100,2),""))
A89: IMP-10 | B89: LOQ | C89: 2 | G89: =IFERROR(ROUND(F89/VLOOKUP(A89,'杂质清单'!$A$4:$F$13,6,FALSE),2),"") | H89: =IFERROR(ROUND(G89/VLOOKUP(A89,'杂质清单'!$A$4:$F$13,4,FALSE)*100,2),"") | I89: =IF(B89<>"LOQ","",IFERROR(ROUND(STDEV(E88:E93)/AVERAGE(E88:E93)*100,2),""))
A90: IMP-10 | B90: LOQ | C90: 3 | G90: =IFERROR(ROUND(F90/VLOOKUP(A90,'杂质清单'!$A$4:$F$13,6,FALSE),2),"") | H90: =IFERROR(ROUND(G90/VLOOKUP(A90,'杂质清单'!$A$4:$F$13,4,FALSE)*100,2),"") | I90: =IF(B90<>"LOQ","",IFERROR(ROUND(STDEV(E88:E93)/AVERAGE(E88:E93)*100,2),""))
A91: IMP-10 | B91: LOQ | C91: 4 | G91: =IFERROR(ROUND(F91/VLOOKUP(A91,'杂质清单'!$A$4:$F$13,6,FALSE),2),"") | H91: =IFERROR(ROUND(G91/VLOOKUP(A91,'杂质清单'!$A$4:$F$13,4,FALSE)*100,2),"") | I91: =IF(B91<>"LOQ","",IFERROR(ROUND(STDEV(E88:E93)/AVERAGE(E88:E93)*100,2),""))
A92: IMP-10 | B92: LOQ | C92: 5 | G92: =IFERROR(ROUND(F92/VLOOKUP(A92,'杂质清单'!$A$4:$F$13,6,FALSE),2),"") | H92: =IFERROR(ROUND(G92/VLOOKUP(A92,'杂质清单'!$A$4:$F$13,4,FALSE)*100,2),"") | I92: =IF(B92<>"LOQ","",IFERROR(ROUND(STDEV(E88:E93)/AVERAGE(E88:E93)*100,2),""))
A93: IMP-10 | B93: LOQ | C93: 6 | G93: =IFERROR(ROUND(F93/VLOOKUP(A93,'杂质清单'!$A$4:$F$13,6,FALSE),2),"") | H93: =IFERROR(ROUND(G93/VLOOKUP(A93,'杂质清单'!$A$4:$F$13,4,FALSE)*100,2),"") | I93: =IF(B93<>"LOQ","",IFERROR(ROUND(STDEV(E88:E93)/AVERAGE(E88:E93)*100,2),""))

Sheet 线性溶液数值
A1: 线性溶液数值
A2: impurity_id | B2: run_type | C2: solution_name | D2: stock_concentration | E2: aliquot_volume | F2: final_volume | G2: theoretical_concentration | H2: limit_percentage
A3: 杂质编号 | B3: 线性批次 | C3: 溶液名称 | D3: 中间贮备液浓度 | E3: 量取体积（ml） | F3: 定容至（ml） | G3: 目标溶液理论浓度 | H3: 占限度浓度百分比（%）
A4: IMP-01 | B4: INITIAL | C4: C1 | G4: =IFERROR(D4*E4/F4,"") | H4: =IFERROR(G4/VLOOKUP(A4,'杂质清单'!$A$4:$F$13,5,FALSE)*100,"")
A5: IMP-01 | B5: INITIAL | C5: C2 | G5: =IFERROR(D5*E5/F5,"") | H5: =IFERROR(G5/VLOOKUP(A5,'杂质清单'!$A$4:$F$13,5,FALSE)*100,"")
A6: IMP-01 | B6: INITIAL | C6: C3 | G6: =IFERROR(D6*E6/F6,"") | H6: =IFERROR(G6/VLOOKUP(A6,'杂质清单'!$A$4:$F$13,5,FALSE)*100,"")
A7: IMP-01 | B7: INITIAL | C7: C4 | G7: =IFERROR(D7*E7/F7,"") | H7: =IFERROR(G7/VLOOKUP(A7,'杂质清单'!$A$4:$F$13,5,FALSE)*100,"")
A8: IMP-01 | B8: INITIAL | C8: C5 | G8: =IFERROR(D8*E8/F8,"") | H8: =IFERROR(G8/VLOOKUP(A8,'杂质清单'!$A$4:$F$13,5,FALSE)*100,"")
A9: IMP-01 | B9: INTERMEDIATE | C9: C1 | G9: =IFERROR(D9*E9/F9,"") | H9: =IFERROR(G9/VLOOKUP(A9,'杂质清单'!$A$4:$F$13,5,FALSE)*100,"")
A10: IMP-01 | B10: INTERMEDIATE | C10: C2 | G10: =IFERROR(D10*E10/F10,"") | H10: =IFERROR(G10/VLOOKUP(A10,'杂质清单'!$A$4:$F$13,5,FALSE)*100,"")
A11: IMP-01 | B11: INTERMEDIATE | C11: C3 | G11: =IFERROR(D11*E11/F11,"") | H11: =IFERROR(G11/VLOOKUP(A11,'杂质清单'!$A$4:$F$13,5,FALSE)*100,"")
A12: IMP-01 | B12: INTERMEDIATE | C12: C4 | G12: =IFERROR(D12*E12/F12,"") | H12: =IFERROR(G12/VLOOKUP(A12,'杂质清单'!$A$4:$F$13,5,FALSE)*100,"")
A13: IMP-01 | B13: INTERMEDIATE | C13: C5 | G13: =IFERROR(D13*E13/F13,"") | H13: =IFERROR(G13/VLOOKUP(A13,'杂质清单'!$A$4:$F$13,5,FALSE)*100,"")
A14: IMP-02 | B14: INITIAL | C14: C1 | G14: =IFERROR(D14*E14/F14,"") | H14: =IFERROR(G14/VLOOKUP(A14,'杂质清单'!$A$4:$F$13,5,FALSE)*100,"")
A15: IMP-02 | B15: INITIAL | C15: C2 | G15: =IFERROR(D15*E15/F15,"") | H15: =IFERROR(G15/VLOOKUP(A15,'杂质清单'!$A$4:$F$13,5,FALSE)*100,"")
... A103: IMP-10 | B103: INTERMEDIATE | C103: C5 | G103: =IFERROR(D103*E103/F103,"") | H103: =IFERROR(G103/VLOOKUP(A103,'杂质清单'!$A$4:$F$13,5,FALSE)*100,"")

Sheet 线性与范围结果
A1: 线性与范围结果
A2: impurity_id | B2: run_type | C2: level | D2: actual_concentration | E2: peak_area | F2: predicted_peak_area | G2: residual | H2: relative_residual | I2: slope | J2: intercept | K2: correlation_coefficient | L2: intercept_ratio
A3: 杂质编号 | B3: 线性批次 | C3: 浓度级别 | D3: 实际浓度（ng/ml） | E3: 峰面积 | F3: 预测峰面积 | G3: 残差 | H3: 相对残差（%） | I3: 斜率 | J3: 截距 | K3: 相关系数r | L3: 截距/100%峰面积（%）
A4: IMP-01 | B4: INITIAL | C4: C1 | F4: =IFERROR(I4*D4+J4,"") | G4: =IFERROR(E4-F4,"") | H4: =IFERROR(ROUND(G4/F4*100,2),"") | I4: =IFERROR(SLOPE(E4:E8,D4:D8),"") | J4: =IFERROR(INTERCEPT(E4:E8,D4:D8),"") | K4: =IFERROR(CORREL(E4:E8,D4:D8),"") | L4: =IFERROR(ROUND(J4/E6*100,2),"")
A5: IMP-01 | B5: INITIAL | C5: C2 | F5: =IFERROR(I5*D5+J5,"") | G5: =IFERROR(E5-F5,"") | H5: =IFERROR(ROUND(G5/F5*100,2),"") | I5: =IFERROR(SLOPE(E4:E8,D4:D8),"") | J5: =IFERROR(INTERCEPT(E4:E8,D4:D8),"") | K5: =IFERROR(CORREL(E4:E8,D4:D8),"") | L5: =IFERROR(ROUND(J5/E6*100,2),"")
A6: IMP-01 | B6: INITIAL | C6: C3 | F6: =IFERROR(I6*D6+J6,"") | G6: =IFERROR(E6-F6,"") | H6: =IFERROR(ROUND(G6/F6*100,2),"") | I6: =IFERROR(SLOPE(E4:E8,D4:D8),"") | J6: =IFERROR(INTERCEPT(E4:E8,D4:D8),"") | K6: =IFERROR(CORREL(E4:E8,D4:D8),"") | L6: =IFERROR(ROUND(J6/E6*100,2),"")
A7: IMP-01 | B7: INITIAL | C7: C4 | F7: =IFERROR(I7*D7+J7,"") | G7: =IFERROR(E7-F7,"") | H7: =IFERROR(ROUND(G7/F7*100,2),"") | I7: =IFERROR(SLOPE(E4:E8,D4:D8),"") | J7: =IFERROR(INTERCEPT(E4:E8,D4:D8),"") | K7: =IFERROR(CORREL(E4:E8,D4:D8),"") | L7: =IFERROR(ROUND(J7/E6*100,2),"")
A8: IMP-01 | B8: INITIAL | C8: C5 | F8: =IFERROR(I8*D8+J8,"") | G8: =IFERROR(E8-F8,"") | H8: =IFERROR(ROUND(G8/F8*100,2),"") | I8: =IFERROR(SLOPE(E4:E8,D4:D8),"") | J8: =IFERROR(INTERCEPT(E4:E8,D4:D8),"") | K8: =IFERROR(CORREL(E4:E8,D4:D8),"") | L8: =IFERROR(ROUND(J8/E6*100,2),"")
A9: IMP-01 | B9: INTERMEDIATE | C9: C1 | F9: =IFERROR(I9*D9+J9,"") | G9: =IFERROR(E9-F9,"") | H9: =IFERROR(ROUND(G9/F9*100,2),"") | I9: =IFERROR(SLOPE(E9:E13,D9:D13),"") | J9: =IFERROR(INTERCEPT(E9:E13,D9:D13),"") | K9: =IFERROR(CORREL(E9:E13,D9:D13),"") | L9: =IFERROR(ROUND(J9/E11*100,2),"")
A10: IMP-01 | B10: INTERMEDIATE | C10: C2 | F10: =IFERROR(I10*D10+J10,"") | G10: =IFERROR(E10-F10,"") | H10: =IFERROR(ROUND(G10/F10*100,2),"") | I10: =IFERROR(SLOPE(E9:E13,D9:D13),"") | J10: =IFERROR(INTERCEPT(E9:E13,D9:D13),"") | K10: =IFERROR(CORREL(E9:E13,D9:D13),"") | L10: =IFERROR(ROUND(J10/E11*100,2),"")
A11: IMP-01 | B11: INTERMEDIATE | C11: C3 | F11: =IFERROR(I11*D11+J11,"") | G11: =IFERROR(E11-F11,"") | H11: =IFERROR(ROUND(G11/F11*100,2),"") | I11: =IFERROR(SLOPE(E9:E13,D9:D13),"") | J11: =IFERROR(INTERCEPT(E9:E13,D9:D13),"") | K11: =IFERROR(CORREL(E9:E13,D9:D13),"") | L11: =IFERROR(ROUND(J11/E11*100,2),"")
A12: IMP-01 | B12: INTERMEDIATE | C12: C4 | F12: =IFERROR(I12*D12+J12,"") | G12: =IFERROR(E12-F12,"") | H12: =IFERROR(ROUND(G12/F12*100,2),"") | I12: =IFERROR(SLOPE(E9:E13,D9:D13),"") | J12: =IFERROR(INTERCEPT(E9:E13,D9:D13),"") | K12: =IFERROR(CORREL(E9:E13,D9:D13),"") | L12: =IFERROR(ROUND(J12/E11*100,2),"")
A13: IMP-01 | B13: INTERMEDIATE | C13: C5 | F13: =IFERROR(I13*D13+J13,"") | G13: =IFERROR(E13-F13,"") | H13: =IFERROR(ROUND(G13/F13*100,2),"") | I13: =IFERROR(SLOPE(E9:E13,D9:D13),"") | J13: =IFERROR(INTERCEPT(E9:E13,D9:D13),"") | K13: =IFERROR(CORREL(E9:E13,D9:D13),"") | L13: =IFERROR(ROUND(J13/E11*100,2),"")
A14: IMP-02 | B14: INITIAL | C14: C1 | F14: =IFERROR(I14*D14+J14,"") | G14: =IFERROR(E14-F14,"") | H14: =IFERROR(ROUND(G14/F14*100,2),"") | I14: =IFERROR(SLOPE(E14:E18,D14:D18),"") | J14: =IFERROR(INTERCEPT(E14:E18,D14:D18),"") | K14: =IFERROR(CORREL(E14:E18,D14:D18),"") | L14: =IFERROR(ROUND(J14/E16*100,2),"")
A15: IMP-02 | B15: INITIAL | C15: C2 | F15: =IFERROR(I15*D15+J15,"") | G15: =IFERROR(E15-F15,"") | H15: =IFERROR(ROUND(G15/F15*100,2),"") | I15: =IFERROR(SLOPE(E14:E18,D14:D18),"") | J15: =IFERROR(INTERCEPT(E14:E18,D14:D18),"") | K15: =IFERROR(CORREL(E14:E18,D14:D18),"") | L15: =IFERROR(ROUND(J15/E16*100,2),"")
A16: IMP-02 | B16: INITIAL | C16: C3 | F16: =IFERROR(I16*D16+J16,"") | G16: =IFERROR(E16-F16,"") | H16: =IFERROR(ROUND(G16/F16*100,2),"") | I16: =IFERROR(SLOPE(E14:E18,D14:D18),"") | J16: =IFERROR(INTERCEPT(E14:E18,D14:D18),"") | K16: =IFERROR(CORREL(E14:E18,D14:D18),"") | L16: =IFERROR(ROUND(J16/E16*100,2),"")
A17: IMP-02 | B17: INITIAL | C17: C4 | F17: =IFERROR(I17*D17+J17,"") | G17: =IFERROR(E17-F17,"") | H17: =IFERROR(ROUND(G17/F17*100,2),"") | I17: =IFERROR(SLOPE(E14:E18,D14:D18),"") | J17: =IFERROR(INTERCEPT(E14:E18,D14:D18),"") | K17: =IFERROR(CORREL(E14:E18,D14:D18),"") | L17: =IFERROR(ROUND(J17/E16*100,2),"")
A18: IMP-02 | B18: INITIAL | C18: C5 | F18: =IFERROR(I18*D18+J18,"") | G18: =IFERROR(E18-F18,"") | H18: =IFERROR(ROUND(G18/F18*100,2),"") | I18: =IFERROR(SLOPE(E14:E18,D14:D18),"") | J18: =IFERROR(INTERCEPT(E14:E18,D14:D18),"") | K18: =IFERROR(CORREL(E14:E18,D14:D18),"") | L18: =IFERROR(ROUND(J18/E16*100,2),"")
A19: IMP-02 | B19: INTERMEDIATE | C19: C1 | F19: =IFERROR(I19*D19+J19,"") | G19: =IFERROR(E19-F19,"") | H19: =IFERROR(ROUND(G19/F19*100,2),"") | I19: =IFERROR(SLOPE(E19:E23,D19:D23),"") | J19: =IFERROR(INTERCEPT(E19:E23,D19:D23),"") | K19: =IFERROR(CORREL(E19:E23,D19:D23),"") | L19: =IFERROR(ROUND(J19/E21*100,2),"")
A20: IMP-02 | B20: INTERMEDIATE | C20: C2 | F20: =IFERROR(I20*D20+J20,"") | G20: =IFERROR(E20-F20,"") | H20: =IFERROR(ROUND(G20/F20*100,2),"") | I20: =IFERROR(SLOPE(E19:E23,D19:D23),"") | J20: =IFERROR(INTERCEPT(E19:E23,D19:D23),"") | K20: =IFERROR(CORREL(E19:E23,D19:D23),"") | L20: =IFERROR(ROUND(J20/E21*100,2),"")
A21: IMP-02 | B21: INTERMEDIATE | C21: C3 | F21: =IFERROR(I21*D21+J21,"") | G21: =IFERROR(E21-F21,"") | H21: =IFERROR(ROUND(G21/F21*100,2),"") | I21: =IFERROR(SLOPE(E19:E23,D19:D23),"") | J21: =IFERROR(INTERCEPT(E19:E23,D19:D23),"") | K21: =IFERROR(CORREL(E19:E23,D19:D23),"") | L21: =IFERROR(ROUND(J21/E21*100,2),"")
A22: IMP-02 | B22: INTERMEDIATE | C22: C4 | F22: =IFERROR(I22*D22+J22,"") | G22: =IFERROR(E22-F22,"") | H22: =IFERROR(ROUND(G22/F22*100,2),"") | I22: =IFERROR(SLOPE(E19:E23,D19:D23),"") | J22: =IFERROR(INTERCEPT(E19:E23,D19:D23),"") | K22: =IFERROR(CORREL(E19:E23,D19:D23),"") | L22: =IFERROR(ROUND(J22/E21*100,2),"")
A23: IMP-02 | B23: INTERMEDIATE | C23: C5 | F23: =IFERROR(I23*D23+J23,"") | G23: =IFERROR(E23-F23,"") | H23: =IFERROR(ROUND(G23/F23*100,2),"") | I23: =IFERROR(SLOPE(E19:E23,D19:D23),"") | J23: =IFERROR(INTERCEPT(E19:E23,D19:D23),"") | K23: =IFERROR(CORREL(E19:E23,D19:D23),"") | L23: =IFERROR(ROUND(J23/E21*100,2),"")
A24: IMP-03 | B24: INITIAL | C24: C1 | F24: =IFERROR(I24*D24+J24,"") | G24: =IFERROR(E24-F24,"") | H24: =IFERROR(ROUND(G24/F24*100,2),"") | I24: =IFERROR(SLOPE(E24:E28,D24:D28),"") | J24: =IFERROR(INTERCEPT(E24:E28,D24:D28),"") | K24: =IFERROR(CORREL(E24:E28,D24:D28),"") | L24: =IFERROR(ROUND(J24/E26*100,2),"")
A25: IMP-03 | B25: INITIAL | C25: C2 | F25: =IFERROR(I25*D25+J25,"") | G25: =IFERROR(E25-F25,"") | H25: =IFERROR(ROUND(G25/F25*100,2),"") | I25: =IFERROR(SLOPE(E24:E28,D24:D28),"") | J25: =IFERROR(INTERCEPT(E24:E28,D24:D28),"") | K25: =IFERROR(CORREL(E24:E28,D24:D28),"") | L25: =IFERROR(ROUND(J25/E26*100,2),"")
A26: IMP-03 | B26: INITIAL | C26: C3 | F26: =IFERROR(I26*D26+J26,"") | G26: =IFERROR(E26-F26,"") | H26: =IFERROR(ROUND(G26/F26*100,2),"") | I26: =IFERROR(SLOPE(E24:E28,D24:D28),"") | J26: =IFERROR(INTERCEPT(E24:E28,D24:D28),"") | K26: =IFERROR(CORREL(E24:E28,D24:D28),"") | L26: =IFERROR(ROUND(J26/E26*100,2),"")
A27: IMP-03 | B27: INITIAL | C27: C4 | F27: =IFERROR(I27*D27+J27,"") | G27: =IFERROR(E27-F27,"") | H27: =IFERROR(ROUND(G27/F27*100,2),"") | I27: =IFERROR(SLOPE(E24:E28,D24:D28),"") | J27: =IFERROR(INTERCEPT(E24:E28,D24:D28),"") | K27: =IFERROR(CORREL(E24:E28,D24:D28),"") | L27: =IFERROR(ROUND(J27/E26*100,2),"")
A28: IMP-03 | B28: INITIAL | C28: C5 | F28: =IFERROR(I28*D28+J28,"") | G28: =IFERROR(E28-F28,"") | H28: =IFERROR(ROUND(G28/F28*100,2),"") | I28: =IFERROR(SLOPE(E24:E28,D24:D28),"") | J28: =IFERROR(INTERCEPT(E24:E28,D24:D28),"") | K28: =IFERROR(CORREL(E24:E28,D24:D28),"") | L28: =IFERROR(ROUND(J28/E26*100,2),"")
A29: IMP-03 | B29: INTERMEDIATE | C29: C1 | F29: =IFERROR(I29*D29+J29,"") | G29: =IFERROR(E29-F29,"") | H29: =IFERROR(ROUND(G29/F29*100,2),"") | I29: =IFERROR(SLOPE(E29:E33,D29:D33),"") | J29: =IFERROR(INTERCEPT(E29:E33,D29:D33),"") | K29: =IFERROR(CORREL(E29:E33,D29:D33),"") | L29: =IFERROR(ROUND(J29/E31*100,2),"")
A30: IMP-03 | B30: INTERMEDIATE | C30: C2 | F30: =IFERROR(I30*D30+J30,"") | G30: =IFERROR(E30-F30,"") | H30: =IFERROR(ROUND(G30/F30*100,2),"") | I30: =IFERROR(SLOPE(E29:E33,D29:D33),"") | J30: =IFERROR(INTERCEPT(E29:E33,D29:D33),"") | K30: =IFERROR(CORREL(E29:E33,D29:D33),"") | L30: =IFERROR(ROUND(J30/E31*100,2),"")
A31: IMP-03 | B31: INTERMEDIATE | C31: C3 | F31: =IFERROR(I31*D31+J31,"") | G31: =IFERROR(E31-F31,"") | H31: =IFERROR(ROUND(G31/F31*100,2),"") | I31: =IFERROR(SLOPE(E29:E33,D29:D33),"") | J31: =IFERROR(INTERCEPT(E29:E33,D29:D33),"") | K31: =IFERROR(CORREL(E29:E33,D29:D33),"") | L31: =IFERROR(ROUND(J31/E31*100,2),"")
A32: IMP-03 | B32: INTERMEDIATE | C32: C4 | F32: =IFERROR(I32*D32+J32,"") | G32: =IFERROR(E32-F32,"") | H32: =IFERROR(ROUND(G32/F32*100,2),"") | I32: =IFERROR(SLOPE(E29:E33,D29:D33),"") | J32: =IFERROR(INTERCEPT(E29:E33,D29:D33),"") | K32: =IFERROR(CORREL(E29:E33,D29:D33),"") | L32: =IFERROR(ROUND(J32/E31*100,2),"")
A33: IMP-03 | B33: INTERMEDIATE | C33: C5 | F33: =IFERROR(I33*D33+J33,"") | G33: =IFERROR(E33-F33,"") | H33: =IFERROR(ROUND(G33/F33*100,2),"") | I33: =IFERROR(SLOPE(E29:E33,D29:D33),"") | J33: =IFERROR(INTERCEPT(E29:E33,D29:D33),"") | K33: =IFERROR(CORREL(E29:E33,D29:D33),"") | L33: =IFERROR(ROUND(J33/E31*100,2),"")
A34: IMP-04 | B34: INITIAL | C34: C1 | F34: =IFERROR(I34*D34+J34,"") | G34: =IFERROR(E34-F34,"") | H34: =IFERROR(ROUND(G34/F34*100,2),"") | I34: =IFERROR(SLOPE(E34:E38,D34:D38),"") | J34: =IFERROR(INTERCEPT(E34:E38,D34:D38),"") | K34: =IFERROR(CORREL(E34:E38,D34:D38),"") | L34: =IFERROR(ROUND(J34/E36*100,2),"")
A35: IMP-04 | B35: INITIAL | C35: C2 | F35: =IFERROR(I35*D35+J35,"") | G35: =IFERROR(E35-F35,"") | H35: =IFERROR(ROUND(G35/F35*100,2),"") | I35: =IFERROR(SLOPE(E34:E38,D34:D38),"") | J35: =IFERROR(INTERCEPT(E34:E38,D34:D38),"") | K35: =IFERROR(CORREL(E34:E38,D34:D38),"") | L35: =IFERROR(ROUND(J35/E36*100,2),"")
A36: IMP-04 | B36: INITIAL | C36: C3 | F36: =IFERROR(I36*D36+J36,"") | G36: =IFERROR(E36-F36,"") | H36: =IFERROR(ROUND(G36/F36*100,2),"") | I36: =IFERROR(SLOPE(E34:E38,D34:D38),"") | J36: =IFERROR(INTERCEPT(E34:E38,D34:D38),"") | K36: =IFERROR(CORREL(E34:E38,D34:D38),"") | L36: =IFERROR(ROUND(J36/E36*100,2),"")
A37: IMP-04 | B37: INITIAL | C37: C4 | F37: =IFERROR(I37*D37+J37,"") | G37: =IFERROR(E37-F37,"") | H37: =IFERROR(ROUND(G37/F37*100,2),"") | I37: =IFERROR(SLOPE(E34:E38,D34:D38),"") | J37: =IFERROR(INTERCEPT(E34:E38,D34:D38),"") | K37: =IFERROR(CORREL(E34:E38,D34:D38),"") | L37: =IFERROR(ROUND(J37/E36*100,2),"")
A38: IMP-04 | B38: INITIAL | C38: C5 | F38: =IFERROR(I38*D38+J38,"") | G38: =IFERROR(E38-F38,"") | H38: =IFERROR(ROUND(G38/F38*100,2),"") | I38: =IFERROR(SLOPE(E34:E38,D34:D38),"") | J38: =IFERROR(INTERCEPT(E34:E38,D34:D38),"") | K38: =IFERROR(CORREL(E34:E38,D34:D38),"") | L38: =IFERROR(ROUND(J38/E36*100,2),"")
A39: IMP-04 | B39: INTERMEDIATE | C39: C1 | F39: =IFERROR(I39*D39+J39,"") | G39: =IFERROR(E39-F39,"") | H39: =IFERROR(ROUND(G39/F39*100,2),"") | I39: =IFERROR(SLOPE(E39:E43,D39:D43),"") | J39: =IFERROR(INTERCEPT(E39:E43,D39:D43),"") | K39: =IFERROR(CORREL(E39:E43,D39:D43),"") | L39: =IFERROR(ROUND(J39/E41*100,2),"")
A40: IMP-04 | B40: INTERMEDIATE | C40: C2 | F40: =IFERROR(I40*D40+J40,"") | G40: =IFERROR(E40-F40,"") | H40: =IFERROR(ROUND(G40/F40*100,2),"") | I40: =IFERROR(SLOPE(E39:E43,D39:D43),"") | J40: =IFERROR(INTERCEPT(E39:E43,D39:D43),"") | K40: =IFERROR(CORREL(E39:E43,D39:D43),"") | L40: =IFERROR(ROUND(J40/E41*100,2),"")
A41: IMP-04 | B41: INTERMEDIATE | C41: C3 | F41: =IFERROR(I41*D41+J41,"") | G41: =IFERROR(E41-F41,"") | H41: =IFERROR(ROUND(G41/F41*100,2),"") | I41: =IFERROR(SLOPE(E39:E43,D39:D43),"") | J41: =IFERROR(INTERCEPT(E39:E43,D39:D43),"") | K41: =IFERROR(CORREL(E39:E43,D39:D43),"") | L41: =IFERROR(ROUND(J41/E41*100,2),"")
A42: IMP-04 | B42: INTERMEDIATE | C42: C4 | F42: =IFERROR(I42*D42+J42,"") | G42: =IFERROR(E42-F42,"") | H42: =IFERROR(ROUND(G42/F42*100,2),"") | I42: =IFERROR(SLOPE(E39:E43,D39:D43),"") | J42: =IFERROR(INTERCEPT(E39:E43,D39:D43),"") | K42: =IFERROR(CORREL(E39:E43,D39:D43),"") | L42: =IFERROR(ROUND(J42/E41*100,2),"")
A43: IMP-04 | B43: INTERMEDIATE | C43: C5 | F43: =IFERROR(I43*D43+J43,"") | G43: =IFERROR(E43-F43,"") | H43: =IFERROR(ROUND(G43/F43*100,2),"") | I43: =IFERROR(SLOPE(E39:E43,D39:D43),"") | J43: =IFERROR(INTERCEPT(E39:E43,D39:D43),"") | K43: =IFERROR(CORREL(E39:E43,D39:D43),"") | L43: =IFERROR(ROUND(J43/E41*100,2),"")
A44: IMP-05 | B44: INITIAL | C44: C1 | F44: =IFERROR(I44*D44+J44,"") | G44: =IFERROR(E44-F44,"") | H44: =IFERROR(ROUND(G44/F44*100,2),"") | I44: =IFERROR(SLOPE(E44:E48,D44:D48),"") | J44: =IFERROR(INTERCEPT(E44:E48,D44:D48),"") | K44: =IFERROR(CORREL(E44:E48,D44:D48),"") | L44: =IFERROR(ROUND(J44/E46*100,2),"")
A45: IMP-05 | B45: INITIAL | C45: C2 | F45: =IFERROR(I45*D45+J45,"") | G45: =IFERROR(E45-F45,"") | H45: =IFERROR(ROUND(G45/F45*100,2),"") | I45: =IFERROR(SLOPE(E44:E48,D44:D48),"") | J45: =IFERROR(INTERCEPT(E44:E48,D44:D48),"") | K45: =IFERROR(CORREL(E44:E48,D44:D48),"") | L45: =IFERROR(ROUND(J45/E46*100,2),"")
A46: IMP-05 | B46: INITIAL | C46: C3 | F46: =IFERROR(I46*D46+J46,"") | G46: =IFERROR(E46-F46,"") | H46: =IFERROR(ROUND(G46/F46*100,2),"") | I46: =IFERROR(SLOPE(E44:E48,D44:D48),"") | J46: =IFERROR(INTERCEPT(E44:E48,D44:D48),"") | K46: =IFERROR(CORREL(E44:E48,D44:D48),"") | L46: =IFERROR(ROUND(J46/E46*100,2),"")
A47: IMP-05 | B47: INITIAL | C47: C4 | F47: =IFERROR(I47*D47+J47,"") | G47: =IFERROR(E47-F47,"") | H47: =IFERROR(ROUND(G47/F47*100,2),"") | I47: =IFERROR(SLOPE(E44:E48,D44:D48),"") | J47: =IFERROR(INTERCEPT(E44:E48,D44:D48),"") | K47: =IFERROR(CORREL(E44:E48,D44:D48),"") | L47: =IFERROR(ROUND(J47/E46*100,2),"")
A48: IMP-05 | B48: INITIAL | C48: C5 | F48: =IFERROR(I48*D48+J48,"") | G48: =IFERROR(E48-F48,"") | H48: =IFERROR(ROUND(G48/F48*100,2),"") | I48: =IFERROR(SLOPE(E44:E48,D44:D48),"") | J48: =IFERROR(INTERCEPT(E44:E48,D44:D48),"") | K48: =IFERROR(CORREL(E44:E48,D44:D48),"") | L48: =IFERROR(ROUND(J48/E46*100,2),"")
A49: IMP-05 | B49: INTERMEDIATE | C49: C1 | F49: =IFERROR(I49*D49+J49,"") | G49: =IFERROR(E49-F49,"") | H49: =IFERROR(ROUND(G49/F49*100,2),"") | I49: =IFERROR(SLOPE(E49:E53,D49:D53),"") | J49: =IFERROR(INTERCEPT(E49:E53,D49:D53),"") | K49: =IFERROR(CORREL(E49:E53,D49:D53),"") | L49: =IFERROR(ROUND(J49/E51*100,2),"")
A50: IMP-05 | B50: INTERMEDIATE | C50: C2 | F50: =IFERROR(I50*D50+J50,"") | G50: =IFERROR(E50-F50,"") | H50: =IFERROR(ROUND(G50/F50*100,2),"") | I50: =IFERROR(SLOPE(E49:E53,D49:D53),"") | J50: =IFERROR(INTERCEPT(E49:E53,D49:D53),"") | K50: =IFERROR(CORREL(E49:E53,D49:D53),"") | L50: =IFERROR(ROUND(J50/E51*100,2),"")
A51: IMP-05 | B51: INTERMEDIATE | C51: C3 | F51: =IFERROR(I51*D51+J51,"") | G51: =IFERROR(E51-F51,"") | H51: =IFERROR(ROUND(G51/F51*100,2),"") | I51: =IFERROR(SLOPE(E49:E53,D49:D53),"") | J51: =IFERROR(INTERCEPT(E49:E53,D49:D53),"") | K51: =IFERROR(CORREL(E49:E53,D49:D53),"") | L51: =IFERROR(ROUND(J51/E51*100,2),"")
A52: IMP-05 | B52: INTERMEDIATE | C52: C4 | F52: =IFERROR(I52*D52+J52,"") | G52: =IFERROR(E52-F52,"") | H52: =IFERROR(ROUND(G52/F52*100,2),"") | I52: =IFERROR(SLOPE(E49:E53,D49:D53),"") | J52: =IFERROR(INTERCEPT(E49:E53,D49:D53),"") | K52: =IFERROR(CORREL(E49:E53,D49:D53),"") | L52: =IFERROR(ROUND(J52/E51*100,2),"")
A53: IMP-05 | B53: INTERMEDIATE | C53: C5 | F53: =IFERROR(I53*D53+J53,"") | G53: =IFERROR(E53-F53,"") | H53: =IFERROR(ROUND(G53/F53*100,2),"") | I53: =IFERROR(SLOPE(E49:E53,D49:D53),"") | J53: =IFERROR(INTERCEPT(E49:E53,D49:D53),"") | K53: =IFERROR(CORREL(E49:E53,D49:D53),"") | L53: =IFERROR(ROUND(J53/E51*100,2),"")
A54: IMP-06 | B54: INITIAL | C54: C1 | F54: =IFERROR(I54*D54+J54,"") | G54: =IFERROR(E54-F54,"") | H54: =IFERROR(ROUND(G54/F54*100,2),"") | I54: =IFERROR(SLOPE(E54:E58,D54:D58),"") | J54: =IFERROR(INTERCEPT(E54:E58,D54:D58),"") | K54: =IFERROR(CORREL(E54:E58,D54:D58),"") | L54: =IFERROR(ROUND(J54/E56*100,2),"")
A55: IMP-06 | B55: INITIAL | C55: C2 | F55: =IFERROR(I55*D55+J55,"") | G55: =IFERROR(E55-F55,"") | H55: =IFERROR(ROUND(G55/F55*100,2),"") | I55: =IFERROR(SLOPE(E54:E58,D54:D58),"") | J55: =IFERROR(INTERCEPT(E54:E58,D54:D58),"") | K55: =IFERROR(CORREL(E54:E58,D54:D58),"") | L55: =IFERROR(ROUND(J55/E56*100,2),"")
A56: IMP-06 | B56: INITIAL | C56: C3 | F56: =IFERROR(I56*D56+J56,"") | G56: =IFERROR(E56-F56,"") | H56: =IFERROR(ROUND(G56/F56*100,2),"") | I56: =IFERROR(SLOPE(E54:E58,D54:D58),"") | J56: =IFERROR(INTERCEPT(E54:E58,D54:D58),"") | K56: =IFERROR(CORREL(E54:E58,D54:D58),"") | L56: =IFERROR(ROUND(J56/E56*100,2),"")
A57: IMP-06 | B57: INITIAL | C57: C4 | F57: =IFERROR(I57*D57+J57,"") | G57: =IFERROR(E57-F57,"") | H57: =IFERROR(ROUND(G57/F57*100,2),"") | I57: =IFERROR(SLOPE(E54:E58,D54:D58),"") | J57: =IFERROR(INTERCEPT(E54:E58,D54:D58),"") | K57: =IFERROR(CORREL(E54:E58,D54:D58),"") | L57: =IFERROR(ROUND(J57/E56*100,2),"")
A58: IMP-06 | B58: INITIAL | C58: C5 | F58: =IFERROR(I58*D58+J58,"") | G58: =IFERROR(E58-F58,"") | H58: =IFERROR(ROUND(G58/F58*100,2),"") | I58: =IFERROR(SLOPE(E54:E58,D54:D58),"") | J58: =IFERROR(INTERCEPT(E54:E58,D54:D58),"") | K58: =IFERROR(CORREL(E54:E58,D54:D58),"") | L58: =IFERROR(ROUND(J58/E56*100,2),"")
A59: IMP-06 | B59: INTERMEDIATE | C59: C1 | F59: =IFERROR(I59*D59+J59,"") | G59: =IFERROR(E59-F59,"") | H59: =IFERROR(ROUND(G59/F59*100,2),"") | I59: =IFERROR(SLOPE(E59:E63,D59:D63),"") | J59: =IFERROR(INTERCEPT(E59:E63,D59:D63),"") | K59: =IFERROR(CORREL(E59:E63,D59:D63),"") | L59: =IFERROR(ROUND(J59/E61*100,2),"")
A60: IMP-06 | B60: INTERMEDIATE | C60: C2 | F60: =IFERROR(I60*D60+J60,"") | G60: =IFERROR(E60-F60,"") | H60: =IFERROR(ROUND(G60/F60*100,2),"") | I60: =IFERROR(SLOPE(E59:E63,D59:D63),"") | J60: =IFERROR(INTERCEPT(E59:E63,D59:D63),"") | K60: =IFERROR(CORREL(E59:E63,D59:D63),"") | L60: =IFERROR(ROUND(J60/E61*100,2),"")
A61: IMP-06 | B61: INTERMEDIATE | C61: C3 | F61: =IFERROR(I61*D61+J61,"") | G61: =IFERROR(E61-F61,"") | H61: =IFERROR(ROUND(G61/F61*100,2),"") | I61: =IFERROR(SLOPE(E59:E63,D59:D63),"") | J61: =IFERROR(INTERCEPT(E59:E63,D59:D63),"") | K61: =IFERROR(CORREL(E59:E63,D59:D63),"") | L61: =IFERROR(ROUND(J61/E61*100,2),"")
A62: IMP-06 | B62: INTERMEDIATE | C62: C4 | F62: =IFERROR(I62*D62+J62,"") | G62: =IFERROR(E62-F62,"") | H62: =IFERROR(ROUND(G62/F62*100,2),"") | I62: =IFERROR(SLOPE(E59:E63,D59:D63),"") | J62: =IFERROR(INTERCEPT(E59:E63,D59:D63),"") | K62: =IFERROR(CORREL(E59:E63,D59:D63),"") | L62: =IFERROR(ROUND(J62/E61*100,2),"")
A63: IMP-06 | B63: INTERMEDIATE | C63: C5 | F63: =IFERROR(I63*D63+J63,"") | G63: =IFERROR(E63-F63,"") | H63: =IFERROR(ROUND(G63/F63*100,2),"") | I63: =IFERROR(SLOPE(E59:E63,D59:D63),"") | J63: =IFERROR(INTERCEPT(E59:E63,D59:D63),"") | K63: =IFERROR(CORREL(E59:E63,D59:D63),"") | L63: =IFERROR(ROUND(J63/E61*100,2),"")
A64: IMP-07 | B64: INITIAL | C64: C1 | F64: =IFERROR(I64*D64+J64,"") | G64: =IFERROR(E64-F64,"") | H64: =IFERROR(ROUND(G64/F64*100,2),"") | I64: =IFERROR(SLOPE(E64:E68,D64:D68),"") | J64: =IFERROR(INTERCEPT(E64:E68,D64:D68),"") | K64: =IFERROR(CORREL(E64:E68,D64:D68),"") | L64: =IFERROR(ROUND(J64/E66*100,2),"")
A65: IMP-07 | B65: INITIAL | C65: C2 | F65: =IFERROR(I65*D65+J65,"") | G65: =IFERROR(E65-F65,"") | H65: =IFERROR(ROUND(G65/F65*100,2),"") | I65: =IFERROR(SLOPE(E64:E68,D64:D68),"") | J65: =IFERROR(INTERCEPT(E64:E68,D64:D68),"") | K65: =IFERROR(CORREL(E64:E68,D64:D68),"") | L65: =IFERROR(ROUND(J65/E66*100,2),"")
A66: IMP-07 | B66: INITIAL | C66: C3 | F66: =IFERROR(I66*D66+J66,"") | G66: =IFERROR(E66-F66,"") | H66: =IFERROR(ROUND(G66/F66*100,2),"") | I66: =IFERROR(SLOPE(E64:E68,D64:D68),"") | J66: =IFERROR(INTERCEPT(E64:E68,D64:D68),"") | K66: =IFERROR(CORREL(E64:E68,D64:D68),"") | L66: =IFERROR(ROUND(J66/E66*100,2),"")
A67: IMP-07 | B67: INITIAL | C67: C4 | F67: =IFERROR(I67*D67+J67,"") | G67: =IFERROR(E67-F67,"") | H67: =IFERROR(ROUND(G67/F67*100,2),"") | I67: =IFERROR(SLOPE(E64:E68,D64:D68),"") | J67: =IFERROR(INTERCEPT(E64:E68,D64:D68),"") | K67: =IFERROR(CORREL(E64:E68,D64:D68),"") | L67: =IFERROR(ROUND(J67/E66*100,2),"")
A68: IMP-07 | B68: INITIAL | C68: C5 | F68: =IFERROR(I68*D68+J68,"") | G68: =IFERROR(E68-F68,"") | H68: =IFERROR(ROUND(G68/F68*100,2),"") | I68: =IFERROR(SLOPE(E64:E68,D64:D68),"") | J68: =IFERROR(INTERCEPT(E64:E68,D64:D68),"") | K68: =IFERROR(CORREL(E64:E68,D64:D68),"") | L68: =IFERROR(ROUND(J68/E66*100,2),"")
A69: IMP-07 | B69: INTERMEDIATE | C69: C1 | F69: =IFERROR(I69*D69+J69,"") | G69: =IFERROR(E69-F69,"") | H69: =IFERROR(ROUND(G69/F69*100,2),"") | I69: =IFERROR(SLOPE(E69:E73,D69:D73),"") | J69: =IFERROR(INTERCEPT(E69:E73,D69:D73),"") | K69: =IFERROR(CORREL(E69:E73,D69:D73),"") | L69: =IFERROR(ROUND(J69/E71*100,2),"")
A70: IMP-07 | B70: INTERMEDIATE | C70: C2 | F70: =IFERROR(I70*D70+J70,"") | G70: =IFERROR(E70-F70,"") | H70: =IFERROR(ROUND(G70/F70*100,2),"") | I70: =IFERROR(SLOPE(E69:E73,D69:D73),"") | J70: =IFERROR(INTERCEPT(E69:E73,D69:D73),"") | K70: =IFERROR(CORREL(E69:E73,D69:D73),"") | L70: =IFERROR(ROUND(J70/E71*100,2),"")
A71: IMP-07 | B71: INTERMEDIATE | C71: C3 | F71: =IFERROR(I71*D71+J71,"") | G71: =IFERROR(E71-F71,"") | H71: =IFERROR(ROUND(G71/F71*100,2),"") | I71: =IFERROR(SLOPE(E69:E73,D69:D73),"") | J71: =IFERROR(INTERCEPT(E69:E73,D69:D73),"") | K71: =IFERROR(CORREL(E69:E73,D69:D73),"") | L71: =IFERROR(ROUND(J71/E71*100,2),"")
A72: IMP-07 | B72: INTERMEDIATE | C72: C4 | F72: =IFERROR(I72*D72+J72,"") | G72: =IFERROR(E72-F72,"") | H72: =IFERROR(ROUND(G72/F72*100,2),"") | I72: =IFERROR(SLOPE(E69:E73,D69:D73),"") | J72: =IFERROR(INTERCEPT(E69:E73,D69:D73),"") | K72: =IFERROR(CORREL(E69:E73,D69:D73),"") | L72: =IFERROR(ROUND(J72/E71*100,2),"")
A73: IMP-07 | B73: INTERMEDIATE | C73: C5 | F73: =IFERROR(I73*D73+J73,"") | G73: =IFERROR(E73-F73,"") | H73: =IFERROR(ROUND(G73/F73*100,2),"") | I73: =IFERROR(SLOPE(E69:E73,D69:D73),"") | J73: =IFERROR(INTERCEPT(E69:E73,D69:D73),"") | K73: =IFERROR(CORREL(E69:E73,D69:D73),"") | L73: =IFERROR(ROUND(J73/E71*100,2),"")
A74: IMP-08 | B74: INITIAL | C74: C1 | F74: =IFERROR(I74*D74+J74,"") | G74: =IFERROR(E74-F74,"") | H74: =IFERROR(ROUND(G74/F74*100,2),"") | I74: =IFERROR(SLOPE(E74:E78,D74:D78),"") | J74: =IFERROR(INTERCEPT(E74:E78,D74:D78),"") | K74: =IFERROR(CORREL(E74:E78,D74:D78),"") | L74: =IFERROR(ROUND(J74/E76*100,2),"")
A75: IMP-08 | B75: INITIAL | C75: C2 | F75: =IFERROR(I75*D75+J75,"") | G75: =IFERROR(E75-F75,"") | H75: =IFERROR(ROUND(G75/F75*100,2),"") | I75: =IFERROR(SLOPE(E74:E78,D74:D78),"") | J75: =IFERROR(INTERCEPT(E74:E78,D74:D78),"") | K75: =IFERROR(CORREL(E74:E78,D74:D78),"") | L75: =IFERROR(ROUND(J75/E76*100,2),"")
A76: IMP-08 | B76: INITIAL | C76: C3 | F76: =IFERROR(I76*D76+J76,"") | G76: =IFERROR(E76-F76,"") | H76: =IFERROR(ROUND(G76/F76*100,2),"") | I76: =IFERROR(SLOPE(E74:E78,D74:D78),"") | J76: =IFERROR(INTERCEPT(E74:E78,D74:D78),"") | K76: =IFERROR(CORREL(E74:E78,D74:D78),"") | L76: =IFERROR(ROUND(J76/E76*100,2),"")
A77: IMP-08 | B77: INITIAL | C77: C4 | F77: =IFERROR(I77*D77+J77,"") | G77: =IFERROR(E77-F77,"") | H77: =IFERROR(ROUND(G77/F77*100,2),"") | I77: =IFERROR(SLOPE(E74:E78,D74:D78),"") | J77: =IFERROR(INTERCEPT(E74:E78,D74:D78),"") | K77: =IFERROR(CORREL(E74:E78,D74:D78),"") | L77: =IFERROR(ROUND(J77/E76*100,2),"")
A78: IMP-08 | B78: INITIAL | C78: C5 | F78: =IFERROR(I78*D78+J78,"") | G78: =IFERROR(E78-F78,"") | H78: =IFERROR(ROUND(G78/F78*100,2),"") | I78: =IFERROR(SLOPE(E74:E78,D74:D78),"") | J78: =IFERROR(INTERCEPT(E74:E78,D74:D78),"") | K78: =IFERROR(CORREL(E74:E78,D74:D78),"") | L78: =IFERROR(ROUND(J78/E76*100,2),"")
A79: IMP-08 | B79: INTERMEDIATE | C79: C1 | F79: =IFERROR(I79*D79+J79,"") | G79: =IFERROR(E79-F79,"") | H79: =IFERROR(ROUND(G79/F79*100,2),"") | I79: =IFERROR(SLOPE(E79:E83,D79:D83),"") | J79: =IFERROR(INTERCEPT(E79:E83,D79:D83),"") | K79: =IFERROR(CORREL(E79:E83,D79:D83),"") | L79: =IFERROR(ROUND(J79/E81*100,2),"")
A80: IMP-08 | B80: INTERMEDIATE | C80: C2 | F80: =IFERROR(I80*D80+J80,"") | G80: =IFERROR(E80-F80,"") | H80: =IFERROR(ROUND(G80/F80*100,2),"") | I80: =IFERROR(SLOPE(E79:E83,D79:D83),"") | J80: =IFERROR(INTERCEPT(E79:E83,D79:D83),"") | K80: =IFERROR(CORREL(E79:E83,D79:D83),"") | L80: =IFERROR(ROUND(J80/E81*100,2),"")
A81: IMP-08 | B81: INTERMEDIATE | C81: C3 | F81: =IFERROR(I81*D81+J81,"") | G81: =IFERROR(E81-F81,"") | H81: =IFERROR(ROUND(G81/F81*100,2),"") | I81: =IFERROR(SLOPE(E79:E83,D79:D83),"") | J81: =IFERROR(INTERCEPT(E79:E83,D79:D83),"") | K81: =IFERROR(CORREL(E79:E83,D79:D83),"") | L81: =IFERROR(ROUND(J81/E81*100,2),"")
A82: IMP-08 | B82: INTERMEDIATE | C82: C4 | F82: =IFERROR(I82*D82+J82,"") | G82: =IFERROR(E82-F82,"") | H82: =IFERROR(ROUND(G82/F82*100,2),"") | I82: =IFERROR(SLOPE(E79:E83,D79:D83),"") | J82: =IFERROR(INTERCEPT(E79:E83,D79:D83),"") | K82: =IFERROR(CORREL(E79:E83,D79:D83),"") | L82: =IFERROR(ROUND(J82/E81*100,2),"")
A83: IMP-08 | B83: INTERMEDIATE | C83: C5 | F83: =IFERROR(I83*D83+J83,"") | G83: =IFERROR(E83-F83,"") | H83: =IFERROR(ROUND(G83/F83*100,2),"") | I83: =IFERROR(SLOPE(E79:E83,D79:D83),"") | J83: =IFERROR(INTERCEPT(E79:E83,D79:D83),"") | K83: =IFERROR(CORREL(E79:E83,D79:D83),"") | L83: =IFERROR(ROUND(J83/E81*100,2),"")
A84: IMP-09 | B84: INITIAL | C84: C1 | F84: =IFERROR(I84*D84+J84,"") | G84: =IFERROR(E84-F84,"") | H84: =IFERROR(ROUND(G84/F84*100,2),"") | I84: =IFERROR(SLOPE(E84:E88,D84:D88),"") | J84: =IFERROR(INTERCEPT(E84:E88,D84:D88),"") | K84: =IFERROR(CORREL(E84:E88,D84:D88),"") | L84: =IFERROR(ROUND(J84/E86*100,2),"")
A85: IMP-09 | B85: INITIAL | C85: C2 | F85: =IFERROR(I85*D85+J85,"") | G85: =IFERROR(E85-F85,"") | H85: =IFERROR(ROUND(G85/F85*100,2),"") | I85: =IFERROR(SLOPE(E84:E88,D84:D88),"") | J85: =IFERROR(INTERCEPT(E84:E88,D84:D88),"") | K85: =IFERROR(CORREL(E84:E88,D84:D88),"") | L85: =IFERROR(ROUND(J85/E86*100,2),"")
A86: IMP-09 | B86: INITIAL | C86: C3 | F86: =IFERROR(I86*D86+J86,"") | G86: =IFERROR(E86-F86,"") | H86: =IFERROR(ROUND(G86/F86*100,2),"") | I86: =IFERROR(SLOPE(E84:E88,D84:D88),"") | J86: =IFERROR(INTERCEPT(E84:E88,D84:D88),"") | K86: =IFERROR(CORREL(E84:E88,D84:D88),"") | L86: =IFERROR(ROUND(J86/E86*100,2),"")
A87: IMP-09 | B87: INITIAL | C87: C4 | F87: =IFERROR(I87*D87+J87,"") | G87: =IFERROR(E87-F87,"") | H87: =IFERROR(ROUND(G87/F87*100,2),"") | I87: =IFERROR(SLOPE(E84:E88,D84:D88),"") | J87: =IFERROR(INTERCEPT(E84:E88,D84:D88),"") | K87: =IFERROR(CORREL(E84:E88,D84:D88),"") | L87: =IFERROR(ROUND(J87/E86*100,2),"")
A88: IMP-09 | B88: INITIAL | C88: C5 | F88: =IFERROR(I88*D88+J88,"") | G88: =IFERROR(E88-F88,"") | H88: =IFERROR(ROUND(G88/F88*100,2),"") | I88: =IFERROR(SLOPE(E84:E88,D84:D88),"") | J88: =IFERROR(INTERCEPT(E84:E88,D84:D88),"") | K88: =IFERROR(CORREL(E84:E88,D84:D88),"") | L88: =IFERROR(ROUND(J88/E86*100,2),"")
A89: IMP-09 | B89: INTERMEDIATE | C89: C1 | F89: =IFERROR(I89*D89+J89,"") | G89: =IFERROR(E89-F89,"") | H89: =IFERROR(ROUND(G89/F89*100,2),"") | I89: =IFERROR(SLOPE(E89:E93,D89:D93),"") | J89: =IFERROR(INTERCEPT(E89:E93,D89:D93),"") | K89: =IFERROR(CORREL(E89:E93,D89:D93),"") | L89: =IFERROR(ROUND(J89/E91*100,2),"")
A90: IMP-09 | B90: INTERMEDIATE | C90: C2 | F90: =IFERROR(I90*D90+J90,"") | G90: =IFERROR(E90-F90,"") | H90: =IFERROR(ROUND(G90/F90*100,2),"") | I90: =IFERROR(SLOPE(E89:E93,D89:D93),"") | J90: =IFERROR(INTERCEPT(E89:E93,D89:D93),"") | K90: =IFERROR(CORREL(E89:E93,D89:D93),"") | L90: =IFERROR(ROUND(J90/E91*100,2),"")
A91: IMP-09 | B91: INTERMEDIATE | C91: C3 | F91: =IFERROR(I91*D91+J91,"") | G91: =IFERROR(E91-F91,"") | H91: =IFERROR(ROUND(G91/F91*100,2),"") | I91: =IFERROR(SLOPE(E89:E93,D89:D93),"") | J91: =IFERROR(INTERCEPT(E89:E93,D89:D93),"") | K91: =IFERROR(CORREL(E89:E93,D89:D93),"") | L91: =IFERROR(ROUND(J91/E91*100,2),"")
A92: IMP-09 | B92: INTERMEDIATE | C92: C4 | F92: =IFERROR(I92*D92+J92,"") | G92: =IFERROR(E92-F92,"") | H92: =IFERROR(ROUND(G92/F92*100,2),"") | I92: =IFERROR(SLOPE(E89:E93,D89:D93),"") | J92: =IFERROR(INTERCEPT(E89:E93,D89:D93),"") | K92: =IFERROR(CORREL(E89:E93,D89:D93),"") | L92: =IFERROR(ROUND(J92/E91*100,2),"")
A93: IMP-09 | B93: INTERMEDIATE | C93: C5 | F93: =IFERROR(I93*D93+J93,"") | G93: =IFERROR(E93-F93,"") | H93: =IFERROR(ROUND(G93/F93*100,2),"") | I93: =IFERROR(SLOPE(E89:E93,D89:D93),"") | J93: =IFERROR(INTERCEPT(E89:E93,D89:D93),"") | K93: =IFERROR(CORREL(E89:E93,D89:D93),"") | L93: =IFERROR(ROUND(J93/E91*100,2),"")
A94: IMP-10 | B94: INITIAL | C94: C1 | F94: =IFERROR(I94*D94+J94,"") | G94: =IFERROR(E94-F94,"") | H94: =IFERROR(ROUND(G94/F94*100,2),"") | I94: =IFERROR(SLOPE(E94:E98,D94:D98),"") | J94: =IFERROR(INTERCEPT(E94:E98,D94:D98),"") | K94: =IFERROR(CORREL(E94:E98,D94:D98),"") | L94: =IFERROR(ROUND(J94/E96*100,2),"")
A95: IMP-10 | B95: INITIAL | C95: C2 | F95: =IFERROR(I95*D95+J95,"") | G95: =IFERROR(E95-F95,"") | H95: =IFERROR(ROUND(G95/F95*100,2),"") | I95: =IFERROR(SLOPE(E94:E98,D94:D98),"") | J95: =IFERROR(INTERCEPT(E94:E98,D94:D98),"") | K95: =IFERROR(CORREL(E94:E98,D94:D98),"") | L95: =IFERROR(ROUND(J95/E96*100,2),"")
A96: IMP-10 | B96: INITIAL | C96: C3 | F96: =IFERROR(I96*D96+J96,"") | G96: =IFERROR(E96-F96,"") | H96: =IFERROR(ROUND(G96/F96*100,2),"") | I96: =IFERROR(SLOPE(E94:E98,D94:D98),"") | J96: =IFERROR(INTERCEPT(E94:E98,D94:D98),"") | K96: =IFERROR(CORREL(E94:E98,D94:D98),"") | L96: =IFERROR(ROUND(J96/E96*100,2),"")
A97: IMP-10 | B97: INITIAL | C97: C4 | F97: =IFERROR(I97*D97+J97,"") | G97: =IFERROR(E97-F97,"") | H97: =IFERROR(ROUND(G97/F97*100,2),"") | I97: =IFERROR(SLOPE(E94:E98,D94:D98),"") | J97: =IFERROR(INTERCEPT(E94:E98,D94:D98),"") | K97: =IFERROR(CORREL(E94:E98,D94:D98),"") | L97: =IFERROR(ROUND(J97/E96*100,2),"")
A98: IMP-10 | B98: INITIAL | C98: C5 | F98: =IFERROR(I98*D98+J98,"") | G98: =IFERROR(E98-F98,"") | H98: =IFERROR(ROUND(G98/F98*100,2),"") | I98: =IFERROR(SLOPE(E94:E98,D94:D98),"") | J98: =IFERROR(INTERCEPT(E94:E98,D94:D98),"") | K98: =IFERROR(CORREL(E94:E98,D94:D98),"") | L98: =IFERROR(ROUND(J98/E96*100,2),"")
A99: IMP-10 | B99: INTERMEDIATE | C99: C1 | F99: =IFERROR(I99*D99+J99,"") | G99: =IFERROR(E99-F99,"") | H99: =IFERROR(ROUND(G99/F99*100,2),"") | I99: =IFERROR(SLOPE(E99:E103,D99:D103),"") | J99: =IFERROR(INTERCEPT(E99:E103,D99:D103),"") | K99: =IFERROR(CORREL(E99:E103,D99:D103),"") | L99: =IFERROR(ROUND(J99/E101*100,2),"")
A100: IMP-10 | B100: INTERMEDIATE | C100: C2 | F100: =IFERROR(I100*D100+J100,"") | G100: =IFERROR(E100-F100,"") | H100: =IFERROR(ROUND(G100/F100*100,2),"") | I100: =IFERROR(SLOPE(E99:E103,D99:D103),"") | J100: =IFERROR(INTERCEPT(E99:E103,D99:D103),"") | K100: =IFERROR(CORREL(E99:E103,D99:D103),"") | L100: =IFERROR(ROUND(J100/E101*100,2),"")
...

Sheet 重复性结果
A1: 重复性结果
A2: impurity_id | B2: sequence | C2: gross_weight | D2: tare_weight | E2: api_weight | F2: retention_time | G2: peak_area | H2: measured_concentration | I2: sample_content | J2: retention_time_rsd | K2: content_rsd | L2: content_ci_low | M2: content_ci_high
A3: 杂质编号 | B3: No. | C3: 毛重（mg） | D3: 扣重（mg） | E3: API质量（mg） | F3: 保留时间（min） | G3: 峰面积 | H3: 测得浓度（ng/ml） | I3: 相当于供试品中含量（ppm） | J3: 保留时间RSD（%） | K3: 含量RSD（%） | L3: 含量95%置信下限 | M3: 含量95%置信上限
A4: IMP-01 | B4: 1 | E4: =IFERROR(C4-D4,"") | I4: =IFERROR(ROUND(H4*20/E4,2),"") | J4: =IFERROR(ROUND(STDEV(F4:F9)/AVERAGE(F4:F9)*100,2),"") | K4: =IFERROR(ROUND(STDEV(I4:I9)/AVERAGE(I4:I9)*100,2),"") | L4: =IFERROR(AVERAGE(I4:I9)-TINV(0.05,COUNT(I4:I9)-1)*STDEV(I4:I9)/SQRT(COUNT(I4:I9)),"") | M4: =IFERROR(AVERAGE(I4:I9)+TINV(0.05,COUNT(I4:I9)-1)*STDEV(I4:I9)/SQRT(COUNT(I4:I9)),"")
A5: IMP-01 | B5: 2 | E5: =IFERROR(C5-D5,"") | I5: =IFERROR(ROUND(H5*20/E5,2),"") | J5: =IFERROR(ROUND(STDEV(F4:F9)/AVERAGE(F4:F9)*100,2),"") | K5: =IFERROR(ROUND(STDEV(I4:I9)/AVERAGE(I4:I9)*100,2),"") | L5: =IFERROR(AVERAGE(I4:I9)-TINV(0.05,COUNT(I4:I9)-1)*STDEV(I4:I9)/SQRT(COUNT(I4:I9)),"") | M5: =IFERROR(AVERAGE(I4:I9)+TINV(0.05,COUNT(I4:I9)-1)*STDEV(I4:I9)/SQRT(COUNT(I4:I9)),"")
A6: IMP-01 | B6: 3 | E6: =IFERROR(C6-D6,"") | I6: =IFERROR(ROUND(H6*20/E6,2),"") | J6: =IFERROR(ROUND(STDEV(F4:F9)/AVERAGE(F4:F9)*100,2),"") | K6: =IFERROR(ROUND(STDEV(I4:I9)/AVERAGE(I4:I9)*100,2),"") | L6: =IFERROR(AVERAGE(I4:I9)-TINV(0.05,COUNT(I4:I9)-1)*STDEV(I4:I9)/SQRT(COUNT(I4:I9)),"") | M6: =IFERROR(AVERAGE(I4:I9)+TINV(0.05,COUNT(I4:I9)-1)*STDEV(I4:I9)/SQRT(COUNT(I4:I9)),"")
A7: IMP-01 | B7: 4 | E7: =IFERROR(C7-D7,"") | I7: =IFERROR(ROUND(H7*20/E7,2),"") | J7: =IFERROR(ROUND(STDEV(F4:F9)/AVERAGE(F4:F9)*100,2),"") | K7: =IFERROR(ROUND(STDEV(I4:I9)/AVERAGE(I4:I9)*100,2),"") | L7: =IFERROR(AVERAGE(I4:I9)-TINV(0.05,COUNT(I4:I9)-1)*STDEV(I4:I9)/SQRT(COUNT(I4:I9)),"") | M7: =IFERROR(AVERAGE(I4:I9)+TINV(0.05,COUNT(I4:I9)-1)*STDEV(I4:I9)/SQRT(COUNT(I4:I9)),"")
A8: IMP-01 | B8: 5 | E8: =IFERROR(C8-D8,"") | I8: =IFERROR(ROUND(H8*20/E8,2),"") | J8: =IFERROR(ROUND(STDEV(F4:F9)/AVERAGE(F4:F9)*100,2),"") | K8: =IFERROR(ROUND(STDEV(I4:I9)/AVERAGE(I4:I9)*100,2),"") | L8: =IFERROR(AVERAGE(I4:I9)-TINV(0.05,COUNT(I4:I9)-1)*STDEV(I4:I9)/SQRT(COUNT(I4:I9)),"") | M8: =IFERROR(AVERAGE(I4:I9)+TINV(0.05,COUNT(I4:I9)-1)*STDEV(I4:I9)/SQRT(COUNT(I4:I9)),"")
A9: IMP-01 | B9: 6 | E9: =IFERROR(C9-D9,"") | I9: =IFERROR(ROUND(H9*20/E9,2),"") | J9: =IFERROR(ROUND(STDEV(F4:F9)/AVERAGE(F4:F9)*100,2),"") | K9: =IFERROR(ROUND(STDEV(I4:I9)/AVERAGE(I4:I9)*100,2),"") | L9: =IFERROR(AVERAGE(I4:I9)-TINV(0.05,COUNT(I4:I9)-1)*STDEV(I4:I9)/SQRT(COUNT(I4:I9)),"") | M9: =IFERROR(AVERAGE(I4:I9)+TINV(0.05,COUNT(I4:I9)-1)*STDEV(I4:I9)/SQRT(COUNT(I4:I9)),"")
A10: IMP-02 | B10: 1 | E10: =IFERROR(C10-D10,"") | I10: =IFERROR(ROUND(H10*20/E10,2),"") | J10: =IFERROR(ROUND(STDEV(F10:F15)/AVERAGE(F10:F15)*100,2),"") | K10: =IFERROR(ROUND(STDEV(I10:I15)/AVERAGE(I10:I15)*100,2),"") | L10: =IFERROR(AVERAGE(I10:I15)-TINV(0.05,COUNT(I10:I15)-1)*STDEV(I10:I15)/SQRT(COUNT(I10:I15)),"") | M10: =IFERROR(AVERAGE(I10:I15)+TINV(0.05,COUNT(I10:I15)-1)*STDEV(I10:I15)/SQRT(COUNT(I10:I15)),"")
A11: IMP-02 | B11: 2 | E11: =IFERROR(C11-D11,"") | I11: =IFERROR(ROUND(H11*20/E11,2),"") | J11: =IFERROR(ROUND(STDEV(F10:F15)/AVERAGE(F10:F15)*100,2),"") | K11: =IFERROR(ROUND(STDEV(I10:I15)/AVERAGE(I10:I15)*100,2),"") | L11: =IFERROR(AVERAGE(I10:I15)-TINV(0.05,COUNT(I10:I15)-1)*STDEV(I10:I15)/SQRT(COUNT(I10:I15)),"") | M11: =IFERROR(AVERAGE(I10:I15)+TINV(0.05,COUNT(I10:I15)-1)*STDEV(I10:I15)/SQRT(COUNT(I10:I15)),"")
A12: IMP-02 | B12: 3 | E12: =IFERROR(C12-D12,"") | I12: =IFERROR(ROUND(H12*20/E12,2),"") | J12: =IFERROR(ROUND(STDEV(F10:F15)/AVERAGE(F10:F15)*100,2),"") | K12: =IFERROR(ROUND(STDEV(I10:I15)/AVERAGE(I10:I15)*100,2),"") | L12: =IFERROR(AVERAGE(I10:I15)-TINV(0.05,COUNT(I10:I15)-1)*STDEV(I10:I15)/SQRT(COUNT(I10:I15)),"") | M12: =IFERROR(AVERAGE(I10:I15)+TINV(0.05,COUNT(I10:I15)-1)*STDEV(I10:I15)/SQRT(COUNT(I10:I15)),"")
A13: IMP-02 | B13: 4 | E13: =IFERROR(C13-D13,"") | I13: =IFERROR(ROUND(H13*20/E13,2),"") | J13: =IFERROR(ROUND(STDEV(F10:F15)/AVERAGE(F10:F15)*100,2),"") | K13: =IFERROR(ROUND(STDEV(I10:I15)/AVERAGE(I10:I15)*100,2),"") | L13: =IFERROR(AVERAGE(I10:I15)-TINV(0.05,COUNT(I10:I15)-1)*STDEV(I10:I15)/SQRT(COUNT(I10:I15)),"") | M13: =IFERROR(AVERAGE(I10:I15)+TINV(0.05,COUNT(I10:I15)-1)*STDEV(I10:I15)/SQRT(COUNT(I10:I15)),"")
A14: IMP-02 | B14: 5 | E14: =IFERROR(C14-D14,"") | I14: =IFERROR(ROUND(H14*20/E14,2),"") | J14: =IFERROR(ROUND(STDEV(F10:F15)/AVERAGE(F10:F15)*100,2),"") | K14: =IFERROR(ROUND(STDEV(I10:I15)/AVERAGE(I10:I15)*100,2),"") | L14: =IFERROR(AVERAGE(I10:I15)-TINV(0.05,COUNT(I10:I15)-1)*STDEV(I10:I15)/SQRT(COUNT(I10:I15)),"") | M14: =IFERROR(AVERAGE(I10:I15)+TINV(0.05,COUNT(I10:I15)-1)*STDEV(I10:I15)/SQRT(COUNT(I10:I15)),"")
A15: IMP-02 | B15: 6 | E15: =IFERROR(C15-D15,"") | I15: =IFERROR(ROUND(H15*20/E15,2),"") | J15: =IFERROR(ROUND(STDEV(F10:F15)/AVERAGE(F10:F15)*100,2),"") | K15: =IFERROR(ROUND(STDEV(I10:I15)/AVERAGE(I10:I15)*100,2),"") | L15: =IFERROR(AVERAGE(I10:I15)-TINV(0.05,COUNT(I10:I15)-1)*STDEV(I10:I15)/SQRT(COUNT(I10:I15)),"") | M15: =IFERROR(AVERAGE(I10:I15)+TINV(0.05,COUNT(I10:I15)-1)*STDEV(I10:I15)/SQRT(COUNT(I10:I15)),"")
A16: IMP-03 | B16: 1 | E16: =IFERROR(C16-D16,"") | I16: =IFERROR(ROUND(H16*20/E16,2),"") | J16: =IFERROR(ROUND(STDEV(F16:F21)/AVERAGE(F16:F21)*100,2),"") | K16: =IFERROR(ROUND(STDEV(I16:I21)/AVERAGE(I16:I21)*100,2),"") | L16: =IFERROR(AVERAGE(I16:I21)-TINV(0.05,COUNT(I16:I21)-1)*STDEV(I16:I21)/SQRT(COUNT(I16:I21)),"") | M16: =IFERROR(AVERAGE(I16:I21)+TINV(0.05,COUNT(I16:I21)-1)*STDEV(I16:I21)/SQRT(COUNT(I16:I21)),"")
A17: IMP-03 | B17: 2 | E17: =IFERROR(C17-D17,"") | I17: =IFERROR(ROUND(H17*20/E17,2),"") | J17: =IFERROR(ROUND(STDEV(F16:F21)/AVERAGE(F16:F21)*100,2),"") | K17: =IFERROR(ROUND(STDEV(I16:I21)/AVERAGE(I16:I21)*100,2),"") | L17: =IFERROR(AVERAGE(I16:I21)-TINV(0.05,COUNT(I16:I21)-1)*STDEV(I16:I21)/SQRT(COUNT(I16:I21)),"") | M17: =IFERROR(AVERAGE(I16:I21)+TINV(0.05,COUNT(I16:I21)-1)*STDEV(I16:I21)/SQRT(COUNT(I16:I21)),"")
A18: IMP-03 | B18: 3 | E18: =IFERROR(C18-D18,"") | I18: =IFERROR(ROUND(H18*20/E18,2),"") | J18: =IFERROR(ROUND(STDEV(F16:F21)/AVERAGE(F16:F21)*100,2),"") | K18: =IFERROR(ROUND(STDEV(I16:I21)/AVERAGE(I16:I21)*100,2),"") | L18: =IFERROR(AVERAGE(I16:I21)-TINV(0.05,COUNT(I16:I21)-1)*STDEV(I16:I21)/SQRT(COUNT(I16:I21)),"") | M18: =IFERROR(AVERAGE(I16:I21)+TINV(0.05,COUNT(I16:I21)-1)*STDEV(I16:I21)/SQRT(COUNT(I16:I21)),"")
A19: IMP-03 | B19: 4 | E19: =IFERROR(C19-D19,"") | I19: =IFERROR(ROUND(H19*20/E19,2),"") | J19: =IFERROR(ROUND(STDEV(F16:F21)/AVERAGE(F16:F21)*100,2),"") | K19: =IFERROR(ROUND(STDEV(I16:I21)/AVERAGE(I16:I21)*100,2),"") | L19: =IFERROR(AVERAGE(I16:I21)-TINV(0.05,COUNT(I16:I21)-1)*STDEV(I16:I21)/SQRT(COUNT(I16:I21)),"") | M19: =IFERROR(AVERAGE(I16:I21)+TINV(0.05,COUNT(I16:I21)-1)*STDEV(I16:I21)/SQRT(COUNT(I16:I21)),"")
A20: IMP-03 | B20: 5 | E20: =IFERROR(C20-D20,"") | I20: =IFERROR(ROUND(H20*20/E20,2),"") | J20: =IFERROR(ROUND(STDEV(F16:F21)/AVERAGE(F16:F21)*100,2),"") | K20: =IFERROR(ROUND(STDEV(I16:I21)/AVERAGE(I16:I21)*100,2),"") | L20: =IFERROR(AVERAGE(I16:I21)-TINV(0.05,COUNT(I16:I21)-1)*STDEV(I16:I21)/SQRT(COUNT(I16:I21)),"") | M20: =IFERROR(AVERAGE(I16:I21)+TINV(0.05,COUNT(I16:I21)-1)*STDEV(I16:I21)/SQRT(COUNT(I16:I21)),"")
A21: IMP-03 | B21: 6 | E21: =IFERROR(C21-D21,"") | I21: =IFERROR(ROUND(H21*20/E21,2),"") | J21: =IFERROR(ROUND(STDEV(F16:F21)/AVERAGE(F16:F21)*100,2),"") | K21: =IFERROR(ROUND(STDEV(I16:I21)/AVERAGE(I16:I21)*100,2),"") | L21: =IFERROR(AVERAGE(I16:I21)-TINV(0.05,COUNT(I16:I21)-1)*STDEV(I16:I21)/SQRT(COUNT(I16:I21)),"") | M21: =IFERROR(AVERAGE(I16:I21)+TINV(0.05,COUNT(I16:I21)-1)*STDEV(I16:I21)/SQRT(COUNT(I16:I21)),"")
A22: IMP-04 | B22: 1 | E22: =IFERROR(C22-D22,"") | I22: =IFERROR(ROUND(H22*20/E22,2),"") | J22: =IFERROR(ROUND(STDEV(F22:F27)/AVERAGE(F22:F27)*100,2),"") | K22: =IFERROR(ROUND(STDEV(I22:I27)/AVERAGE(I22:I27)*100,2),"") | L22: =IFERROR(AVERAGE(I22:I27)-TINV(0.05,COUNT(I22:I27)-1)*STDEV(I22:I27)/SQRT(COUNT(I22:I27)),"") | M22: =IFERROR(AVERAGE(I22:I27)+TINV(0.05,COUNT(I22:I27)-1)*STDEV(I22:I27)/SQRT(COUNT(I22:I27)),"")
A23: IMP-04 | B23: 2 | E23: =IFERROR(C23-D23,"") | I23: =IFERROR(ROUND(H23*20/E23,2),"") | J23: =IFERROR(ROUND(STDEV(F22:F27)/AVERAGE(F22:F27)*100,2),"") | K23: =IFERROR(ROUND(STDEV(I22:I27)/AVERAGE(I22:I27)*100,2),"") | L23: =IFERROR(AVERAGE(I22:I27)-TINV(0.05,COUNT(I22:I27)-1)*STDEV(I22:I27)/SQRT(COUNT(I22:I27)),"") | M23: =IFERROR(AVERAGE(I22:I27)+TINV(0.05,COUNT(I22:I27)-1)*STDEV(I22:I27)/SQRT(COUNT(I22:I27)),"")
A24: IMP-04 | B24: 3 | E24: =IFERROR(C24-D24,"") | I24: =IFERROR(ROUND(H24*20/E24,2),"") | J24: =IFERROR(ROUND(STDEV(F22:F27)/AVERAGE(F22:F27)*100,2),"") | K24: =IFERROR(ROUND(STDEV(I22:I27)/AVERAGE(I22:I27)*100,2),"") | L24: =IFERROR(AVERAGE(I22:I27)-TINV(0.05,COUNT(I22:I27)-1)*STDEV(I22:I27)/SQRT(COUNT(I22:I27)),"") | M24: =IFERROR(AVERAGE(I22:I27)+TINV(0.05,COUNT(I22:I27)-1)*STDEV(I22:I27)/SQRT(COUNT(I22:I27)),"")
A25: IMP-04 | B25: 4 | E25: =IFERROR(C25-D25,"") | I25: =IFERROR(ROUND(H25*20/E25,2),"") | J25: =IFERROR(ROUND(STDEV(F22:F27)/AVERAGE(F22:F27)*100,2),"") | K25: =IFERROR(ROUND(STDEV(I22:I27)/AVERAGE(I22:I27)*100,2),"") | L25: =IFERROR(AVERAGE(I22:I27)-TINV(0.05,COUNT(I22:I27)-1)*STDEV(I22:I27)/SQRT(COUNT(I22:I27)),"") | M25: =IFERROR(AVERAGE(I22:I27)+TINV(0.05,COUNT(I22:I27)-1)*STDEV(I22:I27)/SQRT(COUNT(I22:I27)),"")
A26: IMP-04 | B26: 5 | E26: =IFERROR(C26-D26,"") | I26: =IFERROR(ROUND(H26*20/E26,2),"") | J26: =IFERROR(ROUND(STDEV(F22:F27)/AVERAGE(F22:F27)*100,2),"") | K26: =IFERROR(ROUND(STDEV(I22:I27)/AVERAGE(I22:I27)*100,2),"") | L26: =IFERROR(AVERAGE(I22:I27)-TINV(0.05,COUNT(I22:I27)-1)*STDEV(I22:I27)/SQRT(COUNT(I22:I27)),"") | M26: =IFERROR(AVERAGE(I22:I27)+TINV(0.05,COUNT(I22:I27)-1)*STDEV(I22:I27)/SQRT(COUNT(I22:I27)),"")
A27: IMP-04 | B27: 6 | E27: =IFERROR(C27-D27,"") | I27: =IFERROR(ROUND(H27*20/E27,2),"") | J27: =IFERROR(ROUND(STDEV(F22:F27)/AVERAGE(F22:F27)*100,2),"") | K27: =IFERROR(ROUND(STDEV(I22:I27)/AVERAGE(I22:I27)*100,2),"") | L27: =IFERROR(AVERAGE(I22:I27)-TINV(0.05,COUNT(I22:I27)-1)*STDEV(I22:I27)/SQRT(COUNT(I22:I27)),"") | M27: =IFERROR(AVERAGE(I22:I27)+TINV(0.05,COUNT(I22:I27)-1)*STDEV(I22:I27)/SQRT(COUNT(I22:I27)),"")
A28: IMP-05 | B28: 1 | E28: =IFERROR(C28-D28,"") | I28: =IFERROR(ROUND(H28*20/E28,2),"") | J28: =IFERROR(ROUND(STDEV(F28:F33)/AVERAGE(F28:F33)*100,2),"") | K28: =IFERROR(ROUND(STDEV(I28:I33)/AVERAGE(I28:I33)*100,2),"") | L28: =IFERROR(AVERAGE(I28:I33)-TINV(0.05,COUNT(I28:I33)-1)*STDEV(I28:I33)/SQRT(COUNT(I28:I33)),"") | M28: =IFERROR(AVERAGE(I28:I33)+TINV(0.05,COUNT(I28:I33)-1)*STDEV(I28:I33)/SQRT(COUNT(I28:I33)),"")
A29: IMP-05 | B29: 2 | E29: =IFERROR(C29-D29,"") | I29: =IFERROR(ROUND(H29*20/E29,2),"") | J29: =IFERROR(ROUND(STDEV(F28:F33)/AVERAGE(F28:F33)*100,2),"") | K29: =IFERROR(ROUND(STDEV(I28:I33)/AVERAGE(I28:I33)*100,2),"") | L29: =IFERROR(AVERAGE(I28:I33)-TINV(0.05,COUNT(I28:I33)-1)*STDEV(I28:I33)/SQRT(COUNT(I28:I33)),"") | M29: =IFERROR(AVERAGE(I28:I33)+TINV(0.05,COUNT(I28:I33)-1)*STDEV(I28:I33)/SQRT(COUNT(I28:I33)),"")
A30: IMP-05 | B30: 3 | E30: =IFERROR(C30-D30,"") | I30: =IFERROR(ROUND(H30*20/E30,2),"") | J30: =IFERROR(ROUND(STDEV(F28:F33)/AVERAGE(F28:F33)*100,2),"") | K30: =IFERROR(ROUND(STDEV(I28:I33)/AVERAGE(I28:I33)*100,2),"") | L30: =IFERROR(AVERAGE(I28:I33)-TINV(0.05,COUNT(I28:I33)-1)*STDEV(I28:I33)/SQRT(COUNT(I28:I33)),"") | M30: =IFERROR(AVERAGE(I28:I33)+TINV(0.05,COUNT(I28:I33)-1)*STDEV(I28:I33)/SQRT(COUNT(I28:I33)),"")
A31: IMP-05 | B31: 4 | E31: =IFERROR(C31-D31,"") | I31: =IFERROR(ROUND(H31*20/E31,2),"") | J31: =IFERROR(ROUND(STDEV(F28:F33)/AVERAGE(F28:F33)*100,2),"") | K31: =IFERROR(ROUND(STDEV(I28:I33)/AVERAGE(I28:I33)*100,2),"") | L31: =IFERROR(AVERAGE(I28:I33)-TINV(0.05,COUNT(I28:I33)-1)*STDEV(I28:I33)/SQRT(COUNT(I28:I33)),"") | M31: =IFERROR(AVERAGE(I28:I33)+TINV(0.05,COUNT(I28:I33)-1)*STDEV(I28:I33)/SQRT(COUNT(I28:I33)),"")
A32: IMP-05 | B32: 5 | E32: =IFERROR(C32-D32,"") | I32: =IFERROR(ROUND(H32*20/E32,2),"") | J32: =IFERROR(ROUND(STDEV(F28:F33)/AVERAGE(F28:F33)*100,2),"") | K32: =IFERROR(ROUND(STDEV(I28:I33)/AVERAGE(I28:I33)*100,2),"") | L32: =IFERROR(AVERAGE(I28:I33)-TINV(0.05,COUNT(I28:I33)-1)*STDEV(I28:I33)/SQRT(COUNT(I28:I33)),"") | M32: =IFERROR(AVERAGE(I28:I33)+TINV(0.05,COUNT(I28:I33)-1)*STDEV(I28:I33)/SQRT(COUNT(I28:I33)),"")
A33: IMP-05 | B33: 6 | E33: =IFERROR(C33-D33,"") | I33: =IFERROR(ROUND(H33*20/E33,2),"") | J33: =IFERROR(ROUND(STDEV(F28:F33)/AVERAGE(F28:F33)*100,2),"") | K33: =IFERROR(ROUND(STDEV(I28:I33)/AVERAGE(I28:I33)*100,2),"") | L33: =IFERROR(AVERAGE(I28:I33)-TINV(0.05,COUNT(I28:I33)-1)*STDEV(I28:I33)/SQRT(COUNT(I28:I33)),"") | M33: =IFERROR(AVERAGE(I28:I33)+TINV(0.05,COUNT(I28:I33)-1)*STDEV(I28:I33)/SQRT(COUNT(I28:I33)),"")
A34: IMP-06 | B34: 1 | E34: =IFERROR(C34-D34,"") | I34: =IFERROR(ROUND(H34*20/E34,2),"") | J34: =IFERROR(ROUND(STDEV(F34:F39)/AVERAGE(F34:F39)*100,2),"") | K34: =IFERROR(ROUND(STDEV(I34:I39)/AVERAGE(I34:I39)*100,2),"") | L34: =IFERROR(AVERAGE(I34:I39)-TINV(0.05,COUNT(I34:I39)-1)*STDEV(I34:I39)/SQRT(COUNT(I34:I39)),"") | M34: =IFERROR(AVERAGE(I34:I39)+TINV(0.05,COUNT(I34:I39)-1)*STDEV(I34:I39)/SQRT(COUNT(I34:I39)),"")
A35: IMP-06 | B35: 2 | E35: =IFERROR(C35-D35,"") | I35: =IFERROR(ROUND(H35*20/E35,2),"") | J35: =IFERROR(ROUND(STDEV(F34:F39)/AVERAGE(F34:F39)*100,2),"") | K35: =IFERROR(ROUND(STDEV(I34:I39)/AVERAGE(I34:I39)*100,2),"") | L35: =IFERROR(AVERAGE(I34:I39)-TINV(0.05,COUNT(I34:I39)-1)*STDEV(I34:I39)/SQRT(COUNT(I34:I39)),"") | M35: =IFERROR(AVERAGE(I34:I39)+TINV(0.05,COUNT(I34:I39)-1)*STDEV(I34:I39)/SQRT(COUNT(I34:I39)),"")
A36: IMP-06 | B36: 3 | E36: =IFERROR(C36-D36,"") | I36: =IFERROR(ROUND(H36*20/E36,2),"") | J36: =IFERROR(ROUND(STDEV(F34:F39)/AVERAGE(F34:F39)*100,2),"") | K36: =IFERROR(ROUND(STDEV(I34:I39)/AVERAGE(I34:I39)*100,2),"") | L36: =IFERROR(AVERAGE(I34:I39)-TINV(0.05,COUNT(I34:I39)-1)*STDEV(I34:I39)/SQRT(COUNT(I34:I39)),"") | M36: =IFERROR(AVERAGE(I34:I39)+TINV(0.05,COUNT(I34:I39)-1)*STDEV(I34:I39)/SQRT(COUNT(I34:I39)),"")
A37: IMP-06 | B37: 4 | E37: =IFERROR(C37-D37,"") | I37: =IFERROR(ROUND(H37*20/E37,2),"") | J37: =IFERROR(ROUND(STDEV(F34:F39)/AVERAGE(F34:F39)*100,2),"") | K37: =IFERROR(ROUND(STDEV(I34:I39)/AVERAGE(I34:I39)*100,2),"") | L37: =IFERROR(AVERAGE(I34:I39)-TINV(0.05,COUNT(I34:I39)-1)*STDEV(I34:I39)/SQRT(COUNT(I34:I39)),"") | M37: =IFERROR(AVERAGE(I34:I39)+TINV(0.05,COUNT(I34:I39)-1)*STDEV(I34:I39)/SQRT(COUNT(I34:I39)),"")
A38: IMP-06 | B38: 5 | E38: =IFERROR(C38-D38,"") | I38: =IFERROR(ROUND(H38*20/E38,2),"") | J38: =IFERROR(ROUND(STDEV(F34:F39)/AVERAGE(F34:F39)*100,2),"") | K38: =IFERROR(ROUND(STDEV(I34:I39)/AVERAGE(I34:I39)*100,2),"") | L38: =IFERROR(AVERAGE(I34:I39)-TINV(0.05,COUNT(I34:I39)-1)*STDEV(I34:I39)/SQRT(COUNT(I34:I39)),"") | M38: =IFERROR(AVERAGE(I34:I39)+TINV(0.05,COUNT(I34:I39)-1)*STDEV(I34:I39)/SQRT(COUNT(I34:I39)),"")
A39: IMP-06 | B39: 6 | E39: =IFERROR(C39-D39,"") | I39: =IFERROR(ROUND(H39*20/E39,2),"") | J39: =IFERROR(ROUND(STDEV(F34:F39)/AVERAGE(F34:F39)*100,2),"") | K39: =IFERROR(ROUND(STDEV(I34:I39)/AVERAGE(I34:I39)*100,2),"") | L39: =IFERROR(AVERAGE(I34:I39)-TINV(0.05,COUNT(I34:I39)-1)*STDEV(I34:I39)/SQRT(COUNT(I34:I39)),"") | M39: =IFERROR(AVERAGE(I34:I39)+TINV(0.05,COUNT(I34:I39)-1)*STDEV(I34:I39)/SQRT(COUNT(I34:I39)),"")
A40: IMP-07 | B40: 1 | E40: =IFERROR(C40-D40,"") | I40: =IFERROR(ROUND(H40*20/E40,2),"") | J40: =IFERROR(ROUND(STDEV(F40:F45)/AVERAGE(F40:F45)*100,2),"") | K40: =IFERROR(ROUND(STDEV(I40:I45)/AVERAGE(I40:I45)*100,2),"") | L40: =IFERROR(AVERAGE(I40:I45)-TINV(0.05,COUNT(I40:I45)-1)*STDEV(I40:I45)/SQRT(COUNT(I40:I45)),"") | M40: =IFERROR(AVERAGE(I40:I45)+TINV(0.05,COUNT(I40:I45)-1)*STDEV(I40:I45)/SQRT(COUNT(I40:I45)),"")
A41: IMP-07 | B41: 2 | E41: =IFERROR(C41-D41,"") | I41: =IFERROR(ROUND(H41*20/E41,2),"") | J41: =IFERROR(ROUND(STDEV(F40:F45)/AVERAGE(F40:F45)*100,2),"") | K41: =IFERROR(ROUND(STDEV(I40:I45)/AVERAGE(I40:I45)*100,2),"") | L41: =IFERROR(AVERAGE(I40:I45)-TINV(0.05,COUNT(I40:I45)-1)*STDEV(I40:I45)/SQRT(COUNT(I40:I45)),"") | M41: =IFERROR(AVERAGE(I40:I45)+TINV(0.05,COUNT(I40:I45)-1)*STDEV(I40:I45)/SQRT(COUNT(I40:I45)),"")
A42: IMP-07 | B42: 3 | E42: =IFERROR(C42-D42,"") | I42: =IFERROR(ROUND(H42*20/E42,2),"") | J42: =IFERROR(ROUND(STDEV(F40:F45)/AVERAGE(F40:F45)*100,2),"") | K42: =IFERROR(ROUND(STDEV(I40:I45)/AVERAGE(I40:I45)*100,2),"") | L42: =IFERROR(AVERAGE(I40:I45)-TINV(0.05,COUNT(I40:I45)-1)*STDEV(I40:I45)/SQRT(COUNT(I40:I45)),"") | M42: =IFERROR(AVERAGE(I40:I45)+TINV(0.05,COUNT(I40:I45)-1)*STDEV(I40:I45)/SQRT(COUNT(I40:I45)),"")
A43: IMP-07 | B43: 4 | E43: =IFERROR(C43-D43,"") | I43: =IFERROR(ROUND(H43*20/E43,2),"") | J43: =IFERROR(ROUND(STDEV(F40:F45)/AVERAGE(F40:F45)*100,2),"") | K43: =IFERROR(ROUND(STDEV(I40:I45)/AVERAGE(I40:I45)*100,2),"") | L43: =IFERROR(AVERAGE(I40:I45)-TINV(0.05,COUNT(I40:I45)-1)*STDEV(I40:I45)/SQRT(COUNT(I40:I45)),"") | M43: =IFERROR(AVERAGE(I40:I45)+TINV(0.05,COUNT(I40:I45)-1)*STDEV(I40:I45)/SQRT(COUNT(I40:I45)),"")
A44: IMP-07 | B44: 5 | E44: =IFERROR(C44-D44,"") | I44: =IFERROR(ROUND(H44*20/E44,2),"") | J44: =IFERROR(ROUND(STDEV(F40:F45)/AVERAGE(F40:F45)*100,2),"") | K44: =IFERROR(ROUND(STDEV(I40:I45)/AVERAGE(I40:I45)*100,2),"") | L44: =IFERROR(AVERAGE(I40:I45)-TINV(0.05,COUNT(I40:I45)-1)*STDEV(I40:I45)/SQRT(COUNT(I40:I45)),"") | M44: =IFERROR(AVERAGE(I40:I45)+TINV(0.05,COUNT(I40:I45)-1)*STDEV(I40:I45)/SQRT(COUNT(I40:I45)),"")
A45: IMP-07 | B45: 6 | E45: =IFERROR(C45-D45,"") | I45: =IFERROR(ROUND(H45*20/E45,2),"") | J45: =IFERROR(ROUND(STDEV(F40:F45)/AVERAGE(F40:F45)*100,2),"") | K45: =IFERROR(ROUND(STDEV(I40:I45)/AVERAGE(I40:I45)*100,2),"") | L45: =IFERROR(AVERAGE(I40:I45)-TINV(0.05,COUNT(I40:I45)-1)*STDEV(I40:I45)/SQRT(COUNT(I40:I45)),"") | M45: =IFERROR(AVERAGE(I40:I45)+TINV(0.05,COUNT(I40:I45)-1)*STDEV(I40:I45)/SQRT(COUNT(I40:I45)),"")
A46: IMP-08 | B46: 1 | E46: =IFERROR(C46-D46,"") | I46: =IFERROR(ROUND(H46*20/E46,2),"") | J46: =IFERROR(ROUND(STDEV(F46:F51)/AVERAGE(F46:F51)*100,2),"") | K46: =IFERROR(ROUND(STDEV(I46:I51)/AVERAGE(I46:I51)*100,2),"") | L46: =IFERROR(AVERAGE(I46:I51)-TINV(0.05,COUNT(I46:I51)-1)*STDEV(I46:I51)/SQRT(COUNT(I46:I51)),"") | M46: =IFERROR(AVERAGE(I46:I51)+TINV(0.05,COUNT(I46:I51)-1)*STDEV(I46:I51)/SQRT(COUNT(I46:I51)),"")
A47: IMP-08 | B47: 2 | E47: =IFERROR(C47-D47,"") | I47: =IFERROR(ROUND(H47*20/E47,2),"") | J47: =IFERROR(ROUND(STDEV(F46:F51)/AVERAGE(F46:F51)*100,2),"") | K47: =IFERROR(ROUND(STDEV(I46:I51)/AVERAGE(I46:I51)*100,2),"") | L47: =IFERROR(AVERAGE(I46:I51)-TINV(0.05,COUNT(I46:I51)-1)*STDEV(I46:I51)/SQRT(COUNT(I46:I51)),"") | M47: =IFERROR(AVERAGE(I46:I51)+TINV(0.05,COUNT(I46:I51)-1)*STDEV(I46:I51)/SQRT(COUNT(I46:I51)),"")
A48: IMP-08 | B48: 3 | E48: =IFERROR(C48-D48,"") | I48: =IFERROR(ROUND(H48*20/E48,2),"") | J48: =IFERROR(ROUND(STDEV(F46:F51)/AVERAGE(F46:F51)*100,2),"") | K48: =IFERROR(ROUND(STDEV(I46:I51)/AVERAGE(I46:I51)*100,2),"") | L48: =IFERROR(AVERAGE(I46:I51)-TINV(0.05,COUNT(I46:I51)-1)*STDEV(I46:I51)/SQRT(COUNT(I46:I51)),"") | M48: =IFERROR(AVERAGE(I46:I51)+TINV(0.05,COUNT(I46:I51)-1)*STDEV(I46:I51)/SQRT(COUNT(I46:I51)),"")
A49: IMP-08 | B49: 4 | E49: =IFERROR(C49-D49,"") | I49: =IFERROR(ROUND(H49*20/E49,2),"") | J49: =IFERROR(ROUND(STDEV(F46:F51)/AVERAGE(F46:F51)*100,2),"") | K49: =IFERROR(ROUND(STDEV(I46:I51)/AVERAGE(I46:I51)*100,2),"") | L49: =IFERROR(AVERAGE(I46:I51)-TINV(0.05,COUNT(I46:I51)-1)*STDEV(I46:I51)/SQRT(COUNT(I46:I51)),"") | M49: =IFERROR(AVERAGE(I46:I51)+TINV(0.05,COUNT(I46:I51)-1)*STDEV(I46:I51)/SQRT(COUNT(I46:I51)),"")
A50: IMP-08 | B50: 5 | E50: =IFERROR(C50-D50,"") | I50: =IFERROR(ROUND(H50*20/E50,2),"") | J50: =IFERROR(ROUND(STDEV(F46:F51)/AVERAGE(F46:F51)*100,2),"") | K50: =IFERROR(ROUND(STDEV(I46:I51)/AVERAGE(I46:I51)*100,2),"") | L50: =IFERROR(AVERAGE(I46:I51)-TINV(0.05,COUNT(I46:I51)-1)*STDEV(I46:I51)/SQRT(COUNT(I46:I51)),"") | M50: =IFERROR(AVERAGE(I46:I51)+TINV(0.05,COUNT(I46:I51)-1)*STDEV(I46:I51)/SQRT(COUNT(I46:I51)),"")
A51: IMP-08 | B51: 6 | E51: =IFERROR(C51-D51,"") | I51: =IFERROR(ROUND(H51*20/E51,2),"") | J51: =IFERROR(ROUND(STDEV(F46:F51)/AVERAGE(F46:F51)*100,2),"") | K51: =IFERROR(ROUND(STDEV(I46:I51)/AVERAGE(I46:I51)*100,2),"") | L51: =IFERROR(AVERAGE(I46:I51)-TINV(0.05,COUNT(I46:I51)-1)*STDEV(I46:I51)/SQRT(COUNT(I46:I51)),"") | M51: =IFERROR(AVERAGE(I46:I51)+TINV(0.05,COUNT(I46:I51)-1)*STDEV(I46:I51)/SQRT(COUNT(I46:I51)),"")
A52: IMP-09 | B52: 1 | E52: =IFERROR(C52-D52,"") | I52: =IFERROR(ROUND(H52*20/E52,2),"") | J52: =IFERROR(ROUND(STDEV(F52:F57)/AVERAGE(F52:F57)*100,2),"") | K52: =IFERROR(ROUND(STDEV(I52:I57)/AVERAGE(I52:I57)*100,2),"") | L52: =IFERROR(AVERAGE(I52:I57)-TINV(0.05,COUNT(I52:I57)-1)*STDEV(I52:I57)/SQRT(COUNT(I52:I57)),"") | M52: =IFERROR(AVERAGE(I52:I57)+TINV(0.05,COUNT(I52:I57)-1)*STDEV(I52:I57)/SQRT(COUNT(I52:I57)),"")
A53: IMP-09 | B53: 2 | E53: =IFERROR(C53-D53,"") | I53: =IFERROR(ROUND(H53*20/E53,2),"") | J53: =IFERROR(ROUND(STDEV(F52:F57)/AVERAGE(F52:F57)*100,2),"") | K53: =IFERROR(ROUND(STDEV(I52:I57)/AVERAGE(I52:I57)*100,2),"") | L53: =IFERROR(AVERAGE(I52:I57)-TINV(0.05,COUNT(I52:I57)-1)*STDEV(I52:I57)/SQRT(COUNT(I52:I57)),"") | M53: =IFERROR(AVERAGE(I52:I57)+TINV(0.05,COUNT(I52:I57)-1)*STDEV(I52:I57)/SQRT(COUNT(I52:I57)),"")
A54: IMP-09 | B54: 3 | E54: =IFERROR(C54-D54,"") | I54: =IFERROR(ROUND(H54*20/E54,2),"") | J54: =IFERROR(ROUND(STDEV(F52:F57)/AVERAGE(F52:F57)*100,2),"") | K54: =IFERROR(ROUND(STDEV(I52:I57)/AVERAGE(I52:I57)*100,2),"") | L54: =IFERROR(AVERAGE(I52:I57)-TINV(0.05,COUNT(I52:I57)-1)*STDEV(I52:I57)/SQRT(COUNT(I52:I57)),"") | M54: =IFERROR(AVERAGE(I52:I57)+TINV(0.05,COUNT(I52:I57)-1)*STDEV(I52:I57)/SQRT(COUNT(I52:I57)),"")
A55: IMP-09 | B55: 4 | E55: =IFERROR(C55-D55,"") | I55: =IFERROR(ROUND(H55*20/E55,2),"") | J55: =IFERROR(ROUND(STDEV(F52:F57)/AVERAGE(F52:F57)*100,2),"") | K55: =IFERROR(ROUND(STDEV(I52:I57)/AVERAGE(I52:I57)*100,2),"") | L55: =IFERROR(AVERAGE(I52:I57)-TINV(0.05,COUNT(I52:I57)-1)*STDEV(I52:I57)/SQRT(COUNT(I52:I57)),"") | M55: =IFERROR(AVERAGE(I52:I57)+TINV(0.05,COUNT(I52:I57)-1)*STDEV(I52:I57)/SQRT(COUNT(I52:I57)),"")
A56: IMP-09 | B56: 5 | E56: =IFERROR(C56-D56,"") | I56: =IFERROR(ROUND(H56*20/E56,2),"") | J56: =IFERROR(ROUND(STDEV(F52:F57)/AVERAGE(F52:F57)*100,2),"") | K56: =IFERROR(ROUND(STDEV(I52:I57)/AVERAGE(I52:I57)*100,2),"") | L56: =IFERROR(AVERAGE(I52:I57)-TINV(0.05,COUNT(I52:I57)-1)*STDEV(I52:I57)/SQRT(COUNT(I52:I57)),"") | M56: =IFERROR(AVERAGE(I52:I57)+TINV(0.05,COUNT(I52:I57)-1)*STDEV(I52:I57)/SQRT(COUNT(I52:I57)),"")
A57: IMP-09 | B57: 6 | E57: =IFERROR(C57-D57,"") | I57: =IFERROR(ROUND(H57*20/E57,2),"") | J57: =IFERROR(ROUND(STDEV(F52:F57)/AVERAGE(F52:F57)*100,2),"") | K57: =IFERROR(ROUND(STDEV(I52:I57)/AVERAGE(I52:I57)*100,2),"") | L57: =IFERROR(AVERAGE(I52:I57)-TINV(0.05,COUNT(I52:I57)-1)*STDEV(I52:I57)/SQRT(COUNT(I52:I57)),"") | M57: =IFERROR(AVERAGE(I52:I57)+TINV(0.05,COUNT(I52:I57)-1)*STDEV(I52:I57)/SQRT(COUNT(I52:I57)),"")
A58: IMP-10 | B58: 1 | E58: =IFERROR(C58-D58,"") | I58: =IFERROR(ROUND(H58*20/E58,2),"") | J58: =IFERROR(ROUND(STDEV(F58:F63)/AVERAGE(F58:F63)*100,2),"") | K58: =IFERROR(ROUND(STDEV(I58:I63)/AVERAGE(I58:I63)*100,2),"") | L58: =IFERROR(AVERAGE(I58:I63)-TINV(0.05,COUNT(I58:I63)-1)*STDEV(I58:I63)/SQRT(COUNT(I58:I63)),"") | M58: =IFERROR(AVERAGE(I58:I63)+TINV(0.05,COUNT(I58:I63)-1)*STDEV(I58:I63)/SQRT(COUNT(I58:I63)),"")
A59: IMP-10 | B59: 2 | E59: =IFERROR(C59-D59,"") | I59: =IFERROR(ROUND(H59*20/E59,2),"") | J59: =IFERROR(ROUND(STDEV(F58:F63)/AVERAGE(F58:F63)*100,2),"") | K59: =IFERROR(ROUND(STDEV(I58:I63)/AVERAGE(I58:I63)*100,2),"") | L59: =IFERROR(AVERAGE(I58:I63)-TINV(0.05,COUNT(I58:I63)-1)*STDEV(I58:I63)/SQRT(COUNT(I58:I63)),"") | M59: =IFERROR(AVERAGE(I58:I63)+TINV(0.05,COUNT(I58:I63)-1)*STDEV(I58:I63)/SQRT(COUNT(I58:I63)),"")
A60: IMP-10 | B60: 3 | E60: =IFERROR(C60-D60,"") | I60: =IFERROR(ROUND(H60*20/E60,2),"") | J60: =IFERROR(ROUND(STDEV(F58:F63)/AVERAGE(F58:F63)*100,2),"") | K60: =IFERROR(ROUND(STDEV(I58:I63)/AVERAGE(I58:I63)*100,2),"") | L60: =IFERROR(AVERAGE(I58:I63)-TINV(0.05,COUNT(I58:I63)-1)*STDEV(I58:I63)/SQRT(COUNT(I58:I63)),"") | M60: =IFERROR(AVERAGE(I58:I63)+TINV(0.05,COUNT(I58:I63)-1)*STDEV(I58:I63)/SQRT(COUNT(I58:I63)),"")
A61: IMP-10 | B61: 4 | E61: =IFERROR(C61-D61,"") | I61: =IFERROR(ROUND(H61*20/E61,2),"") | J61: =IFERROR(ROUND(STDEV(F58:F63)/AVERAGE(F58:F63)*100,2),"") | K61: =IFERROR(ROUND(STDEV(I58:I63)/AVERAGE(I58:I63)*100,2),"") | L61: =IFERROR(AVERAGE(I58:I63)-TINV(0.05,COUNT(I58:I63)-1)*STDEV(I58:I63)/SQRT(COUNT(I58:I63)),"") | M61: =IFERROR(AVERAGE(I58:I63)+TINV(0.05,COUNT(I58:I63)-1)*STDEV(I58:I63)/SQRT(COUNT(I58:I63)),"")
A62: IMP-10 | B62: 5 | E62: =IFERROR(C62-D62,"") | I62: =IFERROR(ROUND(H62*20/E62,2),"") | J62: =IFERROR(ROUND(STDEV(F58:F63)/AVERAGE(F58:F63)*100,2),"") | K62: =IFERROR(ROUND(STDEV(I58:I63)/AVERAGE(I58:I63)*100,2),"") | L62: =IFERROR(AVERAGE(I58:I63)-TINV(0.05,COUNT(I58:I63)-1)*STDEV(I58:I63)/SQRT(COUNT(I58:I63)),"") | M62: =IFERROR(AVERAGE(I58:I63)+TINV(0.05,COUNT(I58:I63)-1)*STDEV(I58:I63)/SQRT(COUNT(I58:I63)),"")
A63: IMP-10 | B63: 6 | E63: =IFERROR(C63-D63,"") | I63: =IFERROR(ROUND(H63*20/E63,2),"") | J63: =IFERROR(ROUND(STDEV(F58:F63)/AVERAGE(F58:F63)*100,2),"") | K63: =IFERROR(ROUND(STDEV(I58:I63)/AVERAGE(I58:I63)*100,2),"") | L63: =IFERROR(AVERAGE(I58:I63)-TINV(0.05,COUNT(I58:I63)-1)*STDEV(I58:I63)/SQRT(COUNT(I58:I63)),"") | M63: =IFERROR(AVERAGE(I58:I63)+TINV(0.05,COUNT(I58:I63)-1)*STDEV(I58:I63)/SQRT(COUNT(I58:I63)),"")

Sheet 中间精密度结果
A1: 中间精密度结果
A2: impurity_id | B2: operator_or_day | C2: sequence | D2: gross_weight | E2: tare_weight | F2: api_weight | G2: retention_time | H2: peak_area | I2: measured_concentration | J2: sample_content | K2: retention_time_rsd | L2: content_rsd | M2: content_ci_low | N2: content_ci_high
A3: 杂质编号 | B3: 人员/日期组 | C3: No. | D3: 毛重（mg） | E3: 扣重（mg） | F3: API质量（mg） | G3: 保留时间（min） | H3: 峰面积 | I3: 测得浓度（ng/ml） | J3: 相当于供试品中含量（ppm） | K3: 保留时间RSD（%） | L3: 含量RSD（%） | M3: 含量95%置信下限 | N3: 含量95%置信上限
A4: IMP-01 | B4: A | C4: 1 | F4: =IFERROR(D4-E4,"") | J4: =IFERROR(ROUND(I4*20/F4,2),"") | K4: =IFERROR(ROUND(STDEV(G4:G9)/AVERAGE(G4:G9)*100,2),"") | L4: =IFERROR(ROUND(STDEV(J4:J9)/AVERAGE(J4:J9)*100,2),"") | M4: =IFERROR(AVERAGE(J4:J9)-TINV(0.05,COUNT(J4:J9)-1)*STDEV(J4:J9)/SQRT(COUNT(J4:J9)),"") | N4: =IFERROR(AVERAGE(J4:J9)+TINV(0.05,COUNT(J4:J9)-1)*STDEV(J4:J9)/SQRT(COUNT(J4:J9)),"")
A5: IMP-01 | B5: A | C5: 2 | F5: =IFERROR(D5-E5,"") | J5: =IFERROR(ROUND(I5*20/F5,2),"") | K5: =IFERROR(ROUND(STDEV(G4:G9)/AVERAGE(G4:G9)*100,2),"") | L5: =IFERROR(ROUND(STDEV(J4:J9)/AVERAGE(J4:J9)*100,2),"") | M5: =IFERROR(AVERAGE(J4:J9)-TINV(0.05,COUNT(J4:J9)-1)*STDEV(J4:J9)/SQRT(COUNT(J4:J9)),"") | N5: =IFERROR(AVERAGE(J4:J9)+TINV(0.05,COUNT(J4:J9)-1)*STDEV(J4:J9)/SQRT(COUNT(J4:J9)),"")
A6: IMP-01 | B6: A | C6: 3 | F6: =IFERROR(D6-E6,"") | J6: =IFERROR(ROUND(I6*20/F6,2),"") | K6: =IFERROR(ROUND(STDEV(G4:G9)/AVERAGE(G4:G9)*100,2),"") | L6: =IFERROR(ROUND(STDEV(J4:J9)/AVERAGE(J4:J9)*100,2),"") | M6: =IFERROR(AVERAGE(J4:J9)-TINV(0.05,COUNT(J4:J9)-1)*STDEV(J4:J9)/SQRT(COUNT(J4:J9)),"") | N6: =IFERROR(AVERAGE(J4:J9)+TINV(0.05,COUNT(J4:J9)-1)*STDEV(J4:J9)/SQRT(COUNT(J4:J9)),"")
A7: IMP-01 | B7: A | C7: 4 | F7: =IFERROR(D7-E7,"") | J7: =IFERROR(ROUND(I7*20/F7,2),"") | K7: =IFERROR(ROUND(STDEV(G4:G9)/AVERAGE(G4:G9)*100,2),"") | L7: =IFERROR(ROUND(STDEV(J4:J9)/AVERAGE(J4:J9)*100,2),"") | M7: =IFERROR(AVERAGE(J4:J9)-TINV(0.05,COUNT(J4:J9)-1)*STDEV(J4:J9)/SQRT(COUNT(J4:J9)),"") | N7: =IFERROR(AVERAGE(J4:J9)+TINV(0.05,COUNT(J4:J9)-1)*STDEV(J4:J9)/SQRT(COUNT(J4:J9)),"")
A8: IMP-01 | B8: A | C8: 5 | F8: =IFERROR(D8-E8,"") | J8: =IFERROR(ROUND(I8*20/F8,2),"") | K8: =IFERROR(ROUND(STDEV(G4:G9)/AVERAGE(G4:G9)*100,2),"") | L8: =IFERROR(ROUND(STDEV(J4:J9)/AVERAGE(J4:J9)*100,2),"") | M8: =IFERROR(AVERAGE(J4:J9)-TINV(0.05,COUNT(J4:J9)-1)*STDEV(J4:J9)/SQRT(COUNT(J4:J9)),"") | N8: =IFERROR(AVERAGE(J4:J9)+TINV(0.05,COUNT(J4:J9)-1)*STDEV(J4:J9)/SQRT(COUNT(J4:J9)),"")
A9: IMP-01 | B9: A | C9: 6 | F9: =IFERROR(D9-E9,"") | J9: =IFERROR(ROUND(I9*20/F9,2),"") | K9: =IFERROR(ROUND(STDEV(G4:G9)/AVERAGE(G4:G9)*100,2),"") | L9: =IFERROR(ROUND(STDEV(J4:J9)/AVERAGE(J4:J9)*100,2),"") | M9: =IFERROR(AVERAGE(J4:J9)-TINV(0.05,COUNT(J4:J9)-1)*STDEV(J4:J9)/SQRT(COUNT(J4:J9)),"") | N9: =IFERROR(AVERAGE(J4:J9)+TINV(0.05,COUNT(J4:J9)-1)*STDEV(J4:J9)/SQRT(COUNT(J4:J9)),"")
A10: IMP-01 | B10: B | C10: 1 | F10: =IFERROR(D10-E10,"") | J10: =IFERROR(ROUND(I10*20/F10,2),"") | K10: =IFERROR(ROUND(STDEV(G10:G15)/AVERAGE(G10:G15)*100,2),"") | L10: =IFERROR(ROUND(STDEV(J10:J15)/AVERAGE(J10:J15)*100,2),"") | M10: =IFERROR(AVERAGE(J10:J15)-TINV(0.05,COUNT(J10:J15)-1)*STDEV(J10:J15)/SQRT(COUNT(J10:J15)),"") | N10: =IFERROR(AVERAGE(J10:J15)+TINV(0.05,COUNT(J10:J15)-1)*STDEV(J10:J15)/SQRT(COUNT(J10:J15)),"")
A11: IMP-01 | B11: B | C11: 2 | F11: =IFERROR(D11-E11,"") | J11: =IFERROR(ROUND(I11*20/F11,2),"") | K11: =IFERROR(ROUND(STDEV(G10:G15)/AVERAGE(G10:G15)*100,2),"") | L11: =IFERROR(ROUND(STDEV(J10:J15)/AVERAGE(J10:J15)*100,2),"") | M11: =IFERROR(AVERAGE(J10:J15)-TINV(0.05,COUNT(J10:J15)-1)*STDEV(J10:J15)/SQRT(COUNT(J10:J15)),"") | N11: =IFERROR(AVERAGE(J10:J15)+TINV(0.05,COUNT(J10:J15)-1)*STDEV(J10:J15)/SQRT(COUNT(J10:J15)),"")
A12: IMP-01 | B12: B | C12: 3 | F12: =IFERROR(D12-E12,"") | J12: =IFERROR(ROUND(I12*20/F12,2),"") | K12: =IFERROR(ROUND(STDEV(G10:G15)/AVERAGE(G10:G15)*100,2),"") | L12: =IFERROR(ROUND(STDEV(J10:J15)/AVERAGE(J10:J15)*100,2),"") | M12: =IFERROR(AVERAGE(J10:J15)-TINV(0.05,COUNT(J10:J15)-1)*STDEV(J10:J15)/SQRT(COUNT(J10:J15)),"") | N12: =IFERROR(AVERAGE(J10:J15)+TINV(0.05,COUNT(J10:J15)-1)*STDEV(J10:J15)/SQRT(COUNT(J10:J15)),"")
A13: IMP-01 | B13: B | C13: 4 | F13: =IFERROR(D13-E13,"") | J13: =IFERROR(ROUND(I13*20/F13,2),"") | K13: =IFERROR(ROUND(STDEV(G10:G15)/AVERAGE(G10:G15)*100,2),"") | L13: =IFERROR(ROUND(STDEV(J10:J15)/AVERAGE(J10:J15)*100,2),"") | M13: =IFERROR(AVERAGE(J10:J15)-TINV(0.05,COUNT(J10:J15)-1)*STDEV(J10:J15)/SQRT(COUNT(J10:J15)),"") | N13: =IFERROR(AVERAGE(J10:J15)+TINV(0.05,COUNT(J10:J15)-1)*STDEV(J10:J15)/SQRT(COUNT(J10:J15)),"")
A14: IMP-01 | B14: B | C14: 5 | F14: =IFERROR(D14-E14,"") | J14: =IFERROR(ROUND(I14*20/F14,2),"") | K14: =IFERROR(ROUND(STDEV(G10:G15)/AVERAGE(G10:G15)*100,2),"") | L14: =IFERROR(ROUND(STDEV(J10:J15)/AVERAGE(J10:J15)*100,2),"") | M14: =IFERROR(AVERAGE(J10:J15)-TINV(0.05,COUNT(J10:J15)-1)*STDEV(J10:J15)/SQRT(COUNT(J10:J15)),"") | N14: =IFERROR(AVERAGE(J10:J15)+TINV(0.05,COUNT(J10:J15)-1)*STDEV(J10:J15)/SQRT(COUNT(J10:J15)),"")
A15: IMP-01 | B15: B | C15: 6 | F15: =IFERROR(D15-E15,"") | J15: =IFERROR(ROUND(I15*20/F15,2),"") | K15: =IFERROR(ROUND(STDEV(G10:G15)/AVERAGE(G10:G15)*100,2),"") | L15: =IFERROR(ROUND(STDEV(J10:J15)/AVERAGE(J10:J15)*100,2),"") | M15: =IFERROR(AVERAGE(J10:J15)-TINV(0.05,COUNT(J10:J15)-1)*STDEV(J10:J15)/SQRT(COUNT(J10:J15)),"") | N15: =IFERROR(AVERAGE(J10:J15)+TINV(0.05,COUNT(J10:J15)-1)*STDEV(J10:J15)/SQRT(COUNT(J10:J15)),"")
A16: IMP-02 | B16: A | C16: 1 | F16: =IFERROR(D16-E16,"") | J16: =IFERROR(ROUND(I16*20/F16,2),"") | K16: =IFERROR(ROUND(STDEV(G16:G21)/AVERAGE(G16:G21)*100,2),"") | L16: =IFERROR(ROUND(STDEV(J16:J21)/AVERAGE(J16:J21)*100,2),"") | M16: =IFERROR(AVERAGE(J16:J21)-TINV(0.05,COUNT(J16:J21)-1)*STDEV(J16:J21)/SQRT(COUNT(J16:J21)),"") | N16: =IFERROR(AVERAGE(J16:J21)+TINV(0.05,COUNT(J16:J21)-1)*STDEV(J16:J21)/SQRT(COUNT(J16:J21)),"")
A17: IMP-02 | B17: A | C17: 2 | F17: =IFERROR(D17-E17,"") | J17: =IFERROR(ROUND(I17*20/F17,2),"") | K17: =IFERROR(ROUND(STDEV(G16:G21)/AVERAGE(G16:G21)*100,2),"") | L17: =IFERROR(ROUND(STDEV(J16:J21)/AVERAGE(J16:J21)*100,2),"") | M17: =IFERROR(AVERAGE(J16:J21)-TINV(0.05,COUNT(J16:J21)-1)*STDEV(J16:J21)/SQRT(COUNT(J16:J21)),"") | N17: =IFERROR(AVERAGE(J16:J21)+TINV(0.05,COUNT(J16:J21)-1)*STDEV(J16:J21)/SQRT(COUNT(J16:J21)),"")
A18: IMP-02 | B18: A | C18: 3 | F18: =IFERROR(D18-E18,"") | J18: =IFERROR(ROUND(I18*20/F18,2),"") | K18: =IFERROR(ROUND(STDEV(G16:G21)/AVERAGE(G16:G21)*100,2),"") | L18: =IFERROR(ROUND(STDEV(J16:J21)/AVERAGE(J16:J21)*100,2),"") | M18: =IFERROR(AVERAGE(J16:J21)-TINV(0.05,COUNT(J16:J21)-1)*STDEV(J16:J21)/SQRT(COUNT(J16:J21)),"") | N18: =IFERROR(AVERAGE(J16:J21)+TINV(0.05,COUNT(J16:J21)-1)*STDEV(J16:J21)/SQRT(COUNT(J16:J21)),"")
A19: IMP-02 | B19: A | C19: 4 | F19: =IFERROR(D19-E19,"") | J19: =IFERROR(ROUND(I19*20/F19,2),"") | K19: =IFERROR(ROUND(STDEV(G16:G21)/AVERAGE(G16:G21)*100,2),"") | L19: =IFERROR(ROUND(STDEV(J16:J21)/AVERAGE(J16:J21)*100,2),"") | M19: =IFERROR(AVERAGE(J16:J21)-TINV(0.05,COUNT(J16:J21)-1)*STDEV(J16:J21)/SQRT(COUNT(J16:J21)),"") | N19: =IFERROR(AVERAGE(J16:J21)+TINV(0.05,COUNT(J16:J21)-1)*STDEV(J16:J21)/SQRT(COUNT(J16:J21)),"")
A20: IMP-02 | B20: A | C20: 5 | F20: =IFERROR(D20-E20,"") | J20: =IFERROR(ROUND(I20*20/F20,2),"") | K20: =IFERROR(ROUND(STDEV(G16:G21)/AVERAGE(G16:G21)*100,2),"") | L20: =IFERROR(ROUND(STDEV(J16:J21)/AVERAGE(J16:J21)*100,2),"") | M20: =IFERROR(AVERAGE(J16:J21)-TINV(0.05,COUNT(J16:J21)-1)*STDEV(J16:J21)/SQRT(COUNT(J16:J21)),"") | N20: =IFERROR(AVERAGE(J16:J21)+TINV(0.05,COUNT(J16:J21)-1)*STDEV(J16:J21)/SQRT(COUNT(J16:J21)),"")
A21: IMP-02 | B21: A | C21: 6 | F21: =IFERROR(D21-E21,"") | J21: =IFERROR(ROUND(I21*20/F21,2),"") | K21: =IFERROR(ROUND(STDEV(G16:G21)/AVERAGE(G16:G21)*100,2),"") | L21: =IFERROR(ROUND(STDEV(J16:J21)/AVERAGE(J16:J21)*100,2),"") | M21: =IFERROR(AVERAGE(J16:J21)-TINV(0.05,COUNT(J16:J21)-1)*STDEV(J16:J21)/SQRT(COUNT(J16:J21)),"") | N21: =IFERROR(AVERAGE(J16:J21)+TINV(0.05,COUNT(J16:J21)-1)*STDEV(J16:J21)/SQRT(COUNT(J16:J21)),"")
A22: IMP-02 | B22: B | C22: 1 | F22: =IFERROR(D22-E22,"") | J22: =IFERROR(ROUND(I22*20/F22,2),"") | K22: =IFERROR(ROUND(STDEV(G22:G27)/AVERAGE(G22:G27)*100,2),"") | L22: =IFERROR(ROUND(STDEV(J22:J27)/AVERAGE(J22:J27)*100,2),"") | M22: =IFERROR(AVERAGE(J22:J27)-TINV(0.05,COUNT(J22:J27)-1)*STDEV(J22:J27)/SQRT(COUNT(J22:J27)),"") | N22: =IFERROR(AVERAGE(J22:J27)+TINV(0.05,COUNT(J22:J27)-1)*STDEV(J22:J27)/SQRT(COUNT(J22:J27)),"")
A23: IMP-02 | B23: B | C23: 2 | F23: =IFERROR(D23-E23,"") | J23: =IFERROR(ROUND(I23*20/F23,2),"") | K23: =IFERROR(ROUND(STDEV(G22:G27)/AVERAGE(G22:G27)*100,2),"") | L23: =IFERROR(ROUND(STDEV(J22:J27)/AVERAGE(J22:J27)*100,2),"") | M23: =IFERROR(AVERAGE(J22:J27)-TINV(0.05,COUNT(J22:J27)-1)*STDEV(J22:J27)/SQRT(COUNT(J22:J27)),"") | N23: =IFERROR(AVERAGE(J22:J27)+TINV(0.05,COUNT(J22:J27)-1)*STDEV(J22:J27)/SQRT(COUNT(J22:J27)),"")
A24: IMP-02 | B24: B | C24: 3 | F24: =IFERROR(D24-E24,"") | J24: =IFERROR(ROUND(I24*20/F24,2),"") | K24: =IFERROR(ROUND(STDEV(G22:G27)/AVERAGE(G22:G27)*100,2),"") | L24: =IFERROR(ROUND(STDEV(J22:J27)/AVERAGE(J22:J27)*100,2),"") | M24: =IFERROR(AVERAGE(J22:J27)-TINV(0.05,COUNT(J22:J27)-1)*STDEV(J22:J27)/SQRT(COUNT(J22:J27)),"") | N24: =IFERROR(AVERAGE(J22:J27)+TINV(0.05,COUNT(J22:J27)-1)*STDEV(J22:J27)/SQRT(COUNT(J22:J27)),"")
A25: IMP-02 | B25: B | C25: 4 | F25: =IFERROR(D25-E25,"") | J25: =IFERROR(ROUND(I25*20/F25,2),"") | K25: =IFERROR(ROUND(STDEV(G22:G27)/AVERAGE(G22:G27)*100,2),"") | L25: =IFERROR(ROUND(STDEV(J22:J27)/AVERAGE(J22:J27)*100,2),"") | M25: =IFERROR(AVERAGE(J22:J27)-TINV(0.05,COUNT(J22:J27)-1)*STDEV(J22:J27)/SQRT(COUNT(J22:J27)),"") | N25: =IFERROR(AVERAGE(J22:J27)+TINV(0.05,COUNT(J22:J27)-1)*STDEV(J22:J27)/SQRT(COUNT(J22:J27)),"")
A26: IMP-02 | B26: B | C26: 5 | F26: =IFERROR(D26-E26,"") | J26: =IFERROR(ROUND(I26*20/F26,2),"") | K26: =IFERROR(ROUND(STDEV(G22:G27)/AVERAGE(G22:G27)*100,2),"") | L26: =IFERROR(ROUND(STDEV(J22:J27)/AVERAGE(J22:J27)*100,2),"") | M26: =IFERROR(AVERAGE(J22:J27)-TINV(0.05,COUNT(J22:J27)-1)*STDEV(J22:J27)/SQRT(COUNT(J22:J27)),"") | N26: =IFERROR(AVERAGE(J22:J27)+TINV(0.05,COUNT(J22:J27)-1)*STDEV(J22:J27)/SQRT(COUNT(J22:J27)),"")
A27: IMP-02 | B27: B | C27: 6 | F27: =IFERROR(D27-E27,"") | J27: =IFERROR(ROUND(I27*20/F27,2),"") | K27: =IFERROR(ROUND(STDEV(G22:G27)/AVERAGE(G22:G27)*100,2),"") | L27: =IFERROR(ROUND(STDEV(J22:J27)/AVERAGE(J22:J27)*100,2),"") | M27: =IFERROR(AVERAGE(J22:J27)-TINV(0.05,COUNT(J22:J27)-1)*STDEV(J22:J27)/SQRT(COUNT(J22:J27)),"") | N27: =IFERROR(AVERAGE(J22:J27)+TINV(0.05,COUNT(J22:J27)-1)*STDEV(J22:J27)/SQRT(COUNT(J22:J27)),"")
A28: IMP-03 | B28: A | C28: 1 | F28: =IFERROR(D28-E28,"") | J28: =IFERROR(ROUND(I28*20/F28,2),"") | K28: =IFERROR(ROUND(STDEV(G28:G33)/AVERAGE(G28:G33)*100,2),"") | L28: =IFERROR(ROUND(STDEV(J28:J33)/AVERAGE(J28:J33)*100,2),"") | M28: =IFERROR(AVERAGE(J28:J33)-TINV(0.05,COUNT(J28:J33)-1)*STDEV(J28:J33)/SQRT(COUNT(J28:J33)),"") | N28: =IFERROR(AVERAGE(J28:J33)+TINV(0.05,COUNT(J28:J33)-1)*STDEV(J28:J33)/SQRT(COUNT(J28:J33)),"")
A29: IMP-03 | B29: A | C29: 2 | F29: =IFERROR(D29-E29,"") | J29: =IFERROR(ROUND(I29*20/F29,2),"") | K29: =IFERROR(ROUND(STDEV(G28:G33)/AVERAGE(G28:G33)*100,2),"") | L29: =IFERROR(ROUND(STDEV(J28:J33)/AVERAGE(J28:J33)*100,2),"") | M29: =IFERROR(AVERAGE(J28:J33)-TINV(0.05,COUNT(J28:J33)-1)*STDEV(J28:J33)/SQRT(COUNT(J28:J33)),"") | N29: =IFERROR(AVERAGE(J28:J33)+TINV(0.05,COUNT(J28:J33)-1)*STDEV(J28:J33)/SQRT(COUNT(J28:J33)),"")
A30: IMP-03 | B30: A | C30: 3 | F30: =IFERROR(D30-E30,"") | J30: =IFERROR(ROUND(I30*20/F30,2),"") | K30: =IFERROR(ROUND(STDEV(G28:G33)/AVERAGE(G28:G33)*100,2),"") | L30: =IFERROR(ROUND(STDEV(J28:J33)/AVERAGE(J28:J33)*100,2),"") | M30: =IFERROR(AVERAGE(J28:J33)-TINV(0.05,COUNT(J28:J33)-1)*STDEV(J28:J33)/SQRT(COUNT(J28:J33)),"") | N30: =IFERROR(AVERAGE(J28:J33)+TINV(0.05,COUNT(J28:J33)-1)*STDEV(J28:J33)/SQRT(COUNT(J28:J33)),"")
A31: IMP-03 | B31: A | C31: 4 | F31: =IFERROR(D31-E31,"") | J31: =IFERROR(ROUND(I31*20/F31,2),"") | K31: =IFERROR(ROUND(STDEV(G28:G33)/AVERAGE(G28:G33)*100,2),"") | L31: =IFERROR(ROUND(STDEV(J28:J33)/AVERAGE(J28:J33)*100,2),"") | M31: =IFERROR(AVERAGE(J28:J33)-TINV(0.05,COUNT(J28:J33)-1)*STDEV(J28:J33)/SQRT(COUNT(J28:J33)),"") | N31: =IFERROR(AVERAGE(J28:J33)+TINV(0.05,COUNT(J28:J33)-1)*STDEV(J28:J33)/SQRT(COUNT(J28:J33)),"")
A32: IMP-03 | B32: A | C32: 5 | F32: =IFERROR(D32-E32,"") | J32: =IFERROR(ROUND(I32*20/F32,2),"") | K32: =IFERROR(ROUND(STDEV(G28:G33)/AVERAGE(G28:G33)*100,2),"") | L32: =IFERROR(ROUND(STDEV(J28:J33)/AVERAGE(J28:J33)*100,2),"") | M32: =IFERROR(AVERAGE(J28:J33)-TINV(0.05,COUNT(J28:J33)-1)*STDEV(J28:J33)/SQRT(COUNT(J28:J33)),"") | N32: =IFERROR(AVERAGE(J28:J33)+TINV(0.05,COUNT(J28:J33)-1)*STDEV(J28:J33)/SQRT(COUNT(J28:J33)),"")
A33: IMP-03 | B33: A | C33: 6 | F33: =IFERROR(D33-E33,"") | J33: =IFERROR(ROUND(I33*20/F33,2),"") | K33: =IFERROR(ROUND(STDEV(G28:G33)/AVERAGE(G28:G33)*100,2),"") | L33: =IFERROR(ROUND(STDEV(J28:J33)/AVERAGE(J28:J33)*100,2),"") | M33: =IFERROR(AVERAGE(J28:J33)-TINV(0.05,COUNT(J28:J33)-1)*STDEV(J28:J33)/SQRT(COUNT(J28:J33)),"") | N33: =IFERROR(AVERAGE(J28:J33)+TINV(0.05,COUNT(J28:J33)-1)*STDEV(J28:J33)/SQRT(COUNT(J28:J33)),"")
A34: IMP-03 | B34: B | C34: 1 | F34: =IFERROR(D34-E34,"") | J34: =IFERROR(ROUND(I34*20/F34,2),"") | K34: =IFERROR(ROUND(STDEV(G34:G39)/AVERAGE(G34:G39)*100,2),"") | L34: =IFERROR(ROUND(STDEV(J34:J39)/AVERAGE(J34:J39)*100,2),"") | M34: =IFERROR(AVERAGE(J34:J39)-TINV(0.05,COUNT(J34:J39)-1)*STDEV(J34:J39)/SQRT(COUNT(J34:J39)),"") | N34: =IFERROR(AVERAGE(J34:J39)+TINV(0.05,COUNT(J34:J39)-1)*STDEV(J34:J39)/SQRT(COUNT(J34:J39)),"")
A35: IMP-03 | B35: B | C35: 2 | F35: =IFERROR(D35-E35,"") | J35: =IFERROR(ROUND(I35*20/F35,2),"") | K35: =IFERROR(ROUND(STDEV(G34:G39)/AVERAGE(G34:G39)*100,2),"") | L35: =IFERROR(ROUND(STDEV(J34:J39)/AVERAGE(J34:J39)*100,2),"") | M35: =IFERROR(AVERAGE(J34:J39)-TINV(0.05,COUNT(J34:J39)-1)*STDEV(J34:J39)/SQRT(COUNT(J34:J39)),"") | N35: =IFERROR(AVERAGE(J34:J39)+TINV(0.05,COUNT(J34:J39)-1)*STDEV(J34:J39)/SQRT(COUNT(J34:J39)),"")
A36: IMP-03 | B36: B | C36: 3 | F36: =IFERROR(D36-E36,"") | J36: =IFERROR(ROUND(I36*20/F36,2),"") | K36: =IFERROR(ROUND(STDEV(G34:G39)/AVERAGE(G34:G39)*100,2),"") | L36: =IFERROR(ROUND(STDEV(J34:J39)/AVERAGE(J34:J39)*100,2),"") | M36: =IFERROR(AVERAGE(J34:J39)-TINV(0.05,COUNT(J34:J39)-1)*STDEV(J34:J39)/SQRT(COUNT(J34:J39)),"") | N36: =IFERROR(AVERAGE(J34:J39)+TINV(0.05,COUNT(J34:J39)-1)*STDEV(J34:J39)/SQRT(COUNT(J34:J39)),"")
A37: IMP-03 | B37: B | C37: 4 | F37: =IFERROR(D37-E37,"") | J37: =IFERROR(ROUND(I37*20/F37,2),"") | K37: =IFERROR(ROUND(STDEV(G34:G39)/AVERAGE(G34:G39)*100,2),"") | L37: =IFERROR(ROUND(STDEV(J34:J39)/AVERAGE(J34:J39)*100,2),"") | M37: =IFERROR(AVERAGE(J34:J39)-TINV(0.05,COUNT(J34:J39)-1)*STDEV(J34:J39)/SQRT(COUNT(J34:J39)),"") | N37: =IFERROR(AVERAGE(J34:J39)+TINV(0.05,COUNT(J34:J39)-1)*STDEV(J34:J39)/SQRT(COUNT(J34:J39)),"")
A38: IMP-03 | B38: B | C38: 5 | F38: =IFERROR(D38-E38,"") | J38: =IFERROR(ROUND(I38*20/F38,2),"") | K38: =IFERROR(ROUND(STDEV(G34:G39)/AVERAGE(G34:G39)*100,2),"") | L38: =IFERROR(ROUND(STDEV(J34:J39)/AVERAGE(J34:J39)*100,2),"") | M38: =IFERROR(AVERAGE(J34:J39)-TINV(0.05,COUNT(J34:J39)-1)*STDEV(J34:J39)/SQRT(COUNT(J34:J39)),"") | N38: =IFERROR(AVERAGE(J34:J39)+TINV(0.05,COUNT(J34:J39)-1)*STDEV(J34:J39)/SQRT(COUNT(J34:J39)),"")
A39: IMP-03 | B39: B | C39: 6 | F39: =IFERROR(D39-E39,"") | J39: =IFERROR(ROUND(I39*20/F39,2),"") | K39: =IFERROR(ROUND(STDEV(G34:G39)/AVERAGE(G34:G39)*100,2),"") | L39: =IFERROR(ROUND(STDEV(J34:J39)/AVERAGE(J34:J39)*100,2),"") | M39: =IFERROR(AVERAGE(J34:J39)-TINV(0.05,COUNT(J34:J39)-1)*STDEV(J34:J39)/SQRT(COUNT(J34:J39)),"") | N39: =IFERROR(AVERAGE(J34:J39)+TINV(0.05,COUNT(J34:J39)-1)*STDEV(J34:J39)/SQRT(COUNT(J34:J39)),"")
A40: IMP-04 | B40: A | C40: 1 | F40: =IFERROR(D40-E40,"") | J40: =IFERROR(ROUND(I40*20/F40,2),"") | K40: =IFERROR(ROUND(STDEV(G40:G45)/AVERAGE(G40:G45)*100,2),"") | L40: =IFERROR(ROUND(STDEV(J40:J45)/AVERAGE(J40:J45)*100,2),"") | M40: =IFERROR(AVERAGE(J40:J45)-TINV(0.05,COUNT(J40:J45)-1)*STDEV(J40:J45)/SQRT(COUNT(J40:J45)),"") | N40: =IFERROR(AVERAGE(J40:J45)+TINV(0.05,COUNT(J40:J45)-1)*STDEV(J40:J45)/SQRT(COUNT(J40:J45)),"")
A41: IMP-04 | B41: A | C41: 2 | F41: =IFERROR(D41-E41,"") | J41: =IFERROR(ROUND(I41*20/F41,2),"") | K41: =IFERROR(ROUND(STDEV(G40:G45)/AVERAGE(G40:G45)*100,2),"") | L41: =IFERROR(ROUND(STDEV(J40:J45)/AVERAGE(J40:J45)*100,2),"") | M41: =IFERROR(AVERAGE(J40:J45)-TINV(0.05,COUNT(J40:J45)-1)*STDEV(J40:J45)/SQRT(COUNT(J40:J45)),"") | N41: =IFERROR(AVERAGE(J40:J45)+TINV(0.05,COUNT(J40:J45)-1)*STDEV(J40:J45)/SQRT(COUNT(J40:J45)),"")
A42: IMP-04 | B42: A | C42: 3 | F42: =IFERROR(D42-E42,"") | J42: =IFERROR(ROUND(I42*20/F42,2),"") | K42: =IFERROR(ROUND(STDEV(G40:G45)/AVERAGE(G40:G45)*100,2),"") | L42: =IFERROR(ROUND(STDEV(J40:J45)/AVERAGE(J40:J45)*100,2),"") | M42: =IFERROR(AVERAGE(J40:J45)-TINV(0.05,COUNT(J40:J45)-1)*STDEV(J40:J45)/SQRT(COUNT(J40:J45)),"") | N42: =IFERROR(AVERAGE(J40:J45)+TINV(0.05,COUNT(J40:J45)-1)*STDEV(J40:J45)/SQRT(COUNT(J40:J45)),"")
A43: IMP-04 | B43: A | C43: 4 | F43: =IFERROR(D43-E43,"") | J43: =IFERROR(ROUND(I43*20/F43,2),"") | K43: =IFERROR(ROUND(STDEV(G40:G45)/AVERAGE(G40:G45)*100,2),"") | L43: =IFERROR(ROUND(STDEV(J40:J45)/AVERAGE(J40:J45)*100,2),"") | M43: =IFERROR(AVERAGE(J40:J45)-TINV(0.05,COUNT(J40:J45)-1)*STDEV(J40:J45)/SQRT(COUNT(J40:J45)),"") | N43: =IFERROR(AVERAGE(J40:J45)+TINV(0.05,COUNT(J40:J45)-1)*STDEV(J40:J45)/SQRT(COUNT(J40:J45)),"")
A44: IMP-04 | B44: A | C44: 5 | F44: =IFERROR(D44-E44,"") | J44: =IFERROR(ROUND(I44*20/F44,2),"") | K44: =IFERROR(ROUND(STDEV(G40:G45)/AVERAGE(G40:G45)*100,2),"") | L44: =IFERROR(ROUND(STDEV(J40:J45)/AVERAGE(J40:J45)*100,2),"") | M44: =IFERROR(AVERAGE(J40:J45)-TINV(0.05,COUNT(J40:J45)-1)*STDEV(J40:J45)/SQRT(COUNT(J40:J45)),"") | N44: =IFERROR(AVERAGE(J40:J45)+TINV(0.05,COUNT(J40:J45)-1)*STDEV(J40:J45)/SQRT(COUNT(J40:J45)),"")
A45: IMP-04 | B45: A | C45: 6 | F45: =IFERROR(D45-E45,"") | J45: =IFERROR(ROUND(I45*20/F45,2),"") | K45: =IFERROR(ROUND(STDEV(G40:G45)/AVERAGE(G40:G45)*100,2),"") | L45: =IFERROR(ROUND(STDEV(J40:J45)/AVERAGE(J40:J45)*100,2),"") | M45: =IFERROR(AVERAGE(J40:J45)-TINV(0.05,COUNT(J40:J45)-1)*STDEV(J40:J45)/SQRT(COUNT(J40:J45)),"") | N45: =IFERROR(AVERAGE(J40:J45)+TINV(0.05,COUNT(J40:J45)-1)*STDEV(J40:J45)/SQRT(COUNT(J40:J45)),"")
A46: IMP-04 | B46: B | C46: 1 | F46: =IFERROR(D46-E46,"") | J46: =IFERROR(ROUND(I46*20/F46,2),"") | K46: =IFERROR(ROUND(STDEV(G46:G51)/AVERAGE(G46:G51)*100,2),"") | L46: =IFERROR(ROUND(STDEV(J46:J51)/AVERAGE(J46:J51)*100,2),"") | M46: =IFERROR(AVERAGE(J46:J51)-TINV(0.05,COUNT(J46:J51)-1)*STDEV(J46:J51)/SQRT(COUNT(J46:J51)),"") | N46: =IFERROR(AVERAGE(J46:J51)+TINV(0.05,COUNT(J46:J51)-1)*STDEV(J46:J51)/SQRT(COUNT(J46:J51)),"")
A47: IMP-04 | B47: B | C47: 2 | F47: =IFERROR(D47-E47,"") | J47: =IFERROR(ROUND(I47*20/F47,2),"") | K47: =IFERROR(ROUND(STDEV(G46:G51)/AVERAGE(G46:G51)*100,2),"") | L47: =IFERROR(ROUND(STDEV(J46:J51)/AVERAGE(J46:J51)*100,2),"") | M47: =IFERROR(AVERAGE(J46:J51)-TINV(0.05,COUNT(J46:J51)-1)*STDEV(J46:J51)/SQRT(COUNT(J46:J51)),"") | N47: =IFERROR(AVERAGE(J46:J51)+TINV(0.05,COUNT(J46:J51)-1)*STDEV(J46:J51)/SQRT(COUNT(J46:J51)),"")
A48: IMP-04 | B48: B | C48: 3 | F48: =IFERROR(D48-E48,"") | J48: =IFERROR(ROUND(I48*20/F48,2),"") | K48: =IFERROR(ROUND(STDEV(G46:G51)/AVERAGE(G46:G51)*100,2),"") | L48: =IFERROR(ROUND(STDEV(J46:J51)/AVERAGE(J46:J51)*100,2),"") | M48: =IFERROR(AVERAGE(J46:J51)-TINV(0.05,COUNT(J46:J51)-1)*STDEV(J46:J51)/SQRT(COUNT(J46:J51)),"") | N48: =IFERROR(AVERAGE(J46:J51)+TINV(0.05,COUNT(J46:J51)-1)*STDEV(J46:J51)/SQRT(COUNT(J46:J51)),"")
A49: IMP-04 | B49: B | C49: 4 | F49: =IFERROR(D49-E49,"") | J49: =IFERROR(ROUND(I49*20/F49,2),"") | K49: =IFERROR(ROUND(STDEV(G46:G51)/AVERAGE(G46:G51)*100,2),"") | L49: =IFERROR(ROUND(STDEV(J46:J51)/AVERAGE(J46:J51)*100,2),"") | M49: =IFERROR(AVERAGE(J46:J51)-TINV(0.05,COUNT(J46:J51)-1)*STDEV(J46:J51)/SQRT(COUNT(J46:J51)),"") | N49: =IFERROR(AVERAGE(J46:J51)+TINV(0.05,COUNT(J46:J51)-1)*STDEV(J46:J51)/SQRT(COUNT(J46:J51)),"")
A50: IMP-04 | B50: B | C50: 5 | F50: =IFERROR(D50-E50,"") | J50: =IFERROR(ROUND(I50*20/F50,2),"") | K50: =IFERROR(ROUND(STDEV(G46:G51)/AVERAGE(G46:G51)*100,2),"") | L50: =IFERROR(ROUND(STDEV(J46:J51)/AVERAGE(J46:J51)*100,2),"") | M50: =IFERROR(AVERAGE(J46:J51)-TINV(0.05,COUNT(J46:J51)-1)*STDEV(J46:J51)/SQRT(COUNT(J46:J51)),"") | N50: =IFERROR(AVERAGE(J46:J51)+TINV(0.05,COUNT(J46:J51)-1)*STDEV(J46:J51)/SQRT(COUNT(J46:J51)),"")
A51: IMP-04 | B51: B | C51: 6 | F51: =IFERROR(D51-E51,"") | J51: =IFERROR(ROUND(I51*20/F51,2),"") | K51: =IFERROR(ROUND(STDEV(G46:G51)/AVERAGE(G46:G51)*100,2),"") | L51: =IFERROR(ROUND(STDEV(J46:J51)/AVERAGE(J46:J51)*100,2),"") | M51: =IFERROR(AVERAGE(J46:J51)-TINV(0.05,COUNT(J46:J51)-1)*STDEV(J46:J51)/SQRT(COUNT(J46:J51)),"") | N51: =IFERROR(AVERAGE(J46:J51)+TINV(0.05,COUNT(J46:J51)-1)*STDEV(J46:J51)/SQRT(COUNT(J46:J51)),"")
A52: IMP-05 | B52: A | C52: 1 | F52: =IFERROR(D52-E52,"") | J52: =IFERROR(ROUND(I52*20/F52,2),"") | K52: =IFERROR(ROUND(STDEV(G52:G57)/AVERAGE(G52:G57)*100,2),"") | L52: =IFERROR(ROUND(STDEV(J52:J57)/AVERAGE(J52:J57)*100,2),"") | M52: =IFERROR(AVERAGE(J52:J57)-TINV(0.05,COUNT(J52:J57)-1)*STDEV(J52:J57)/SQRT(COUNT(J52:J57)),"") | N52: =IFERROR(AVERAGE(J52:J57)+TINV(0.05,COUNT(J52:J57)-1)*STDEV(J52:J57)/SQRT(COUNT(J52:J57)),"")
A53: IMP-05 | B53: A | C53: 2 | F53: =IFERROR(D53-E53,"") | J53: =IFERROR(ROUND(I53*20/F53,2),"") | K53: =IFERROR(ROUND(STDEV(G52:G57)/AVERAGE(G52:G57)*100,2),"") | L53: =IFERROR(ROUND(STDEV(J52:J57)/AVERAGE(J52:J57)*100,2),"") | M53: =IFERROR(AVERAGE(J52:J57)-TINV(0.05,COUNT(J52:J57)-1)*STDEV(J52:J57)/SQRT(COUNT(J52:J57)),"") | N53: =IFERROR(AVERAGE(J52:J57)+TINV(0.05,COUNT(J52:J57)-1)*STDEV(J52:J57)/SQRT(COUNT(J52:J57)),"")
A54: IMP-05 | B54: A | C54: 3 | F54: =IFERROR(D54-E54,"") | J54: =IFERROR(ROUND(I54*20/F54,2),"") | K54: =IFERROR(ROUND(STDEV(G52:G57)/AVERAGE(G52:G57)*100,2),"") | L54: =IFERROR(ROUND(STDEV(J52:J57)/AVERAGE(J52:J57)*100,2),"") | M54: =IFERROR(AVERAGE(J52:J57)-TINV(0.05,COUNT(J52:J57)-1)*STDEV(J52:J57)/SQRT(COUNT(J52:J57)),"") | N54: =IFERROR(AVERAGE(J52:J57)+TINV(0.05,COUNT(J52:J57)-1)*STDEV(J52:J57)/SQRT(COUNT(J52:J57)),"")
A55: IMP-05 | B55: A | C55: 4 | F55: =IFERROR(D55-E55,"") | J55: =IFERROR(ROUND(I55*20/F55,2),"") | K55: =IFERROR(ROUND(STDEV(G52:G57)/AVERAGE(G52:G57)*100,2),"") | L55: =IFERROR(ROUND(STDEV(J52:J57)/AVERAGE(J52:J57)*100,2),"") | M55: =IFERROR(AVERAGE(J52:J57)-TINV(0.05,COUNT(J52:J57)-1)*STDEV(J52:J57)/SQRT(COUNT(J52:J57)),"") | N55: =IFERROR(AVERAGE(J52:J57)+TINV(0.05,COUNT(J52:J57)-1)*STDEV(J52:J57)/SQRT(COUNT(J52:J57)),"")
A56: IMP-05 | B56: A | C56: 5 | F56: =IFERROR(D56-E56,"") | J56: =IFERROR(ROUND(I56*20/F56,2),"") | K56: =IFERROR(ROUND(STDEV(G52:G57)/AVERAGE(G52:G57)*100,2),"") | L56: =IFERROR(ROUND(STDEV(J52:J57)/AVERAGE(J52:J57)*100,2),"") | M56: =IFERROR(AVERAGE(J52:J57)-TINV(0.05,COUNT(J52:J57)-1)*STDEV(J52:J57)/SQRT(COUNT(J52:J57)),"") | N56: =IFERROR(AVERAGE(J52:J57)+TINV(0.05,COUNT(J52:J57)-1)*STDEV(J52:J57)/SQRT(COUNT(J52:J57)),"")
A57: IMP-05 | B57: A | C57: 6 | F57: =IFERROR(D57-E57,"") | J57: =IFERROR(ROUND(I57*20/F57,2),"") | K57: =IFERROR(ROUND(STDEV(G52:G57)/AVERAGE(G52:G57)*100,2),"") | L57: =IFERROR(ROUND(STDEV(J52:J57)/AVERAGE(J52:J57)*100,2),"") | M57: =IFERROR(AVERAGE(J52:J57)-TINV(0.05,COUNT(J52:J57)-1)*STDEV(J52:J57)/SQRT(COUNT(J52:J57)),"") | N57: =IFERROR(AVERAGE(J52:J57)+TINV(0.05,COUNT(J52:J57)-1)*STDEV(J52:J57)/SQRT(COUNT(J52:J57)),"")
A58: IMP-05 | B58: B | C58: 1 | F58: =IFERROR(D58-E58,"") | J58: =IFERROR(ROUND(I58*20/F58,2),"") | K58: =IFERROR(ROUND(STDEV(G58:G63)/AVERAGE(G58:G63)*100,2),"") | L58: =IFERROR(ROUND(STDEV(J58:J63)/AVERAGE(J58:J63)*100,2),"") | M58: =IFERROR(AVERAGE(J58:J63)-TINV(0.05,COUNT(J58:J63)-1)*STDEV(J58:J63)/SQRT(COUNT(J58:J63)),"") | N58: =IFERROR(AVERAGE(J58:J63)+TINV(0.05,COUNT(J58:J63)-1)*STDEV(J58:J63)/SQRT(COUNT(J58:J63)),"")
A59: IMP-05 | B59: B | C59: 2 | F59: =IFERROR(D59-E59,"") | J59: =IFERROR(ROUND(I59*20/F59,2),"") | K59: =IFERROR(ROUND(STDEV(G58:G63)/AVERAGE(G58:G63)*100,2),"") | L59: =IFERROR(ROUND(STDEV(J58:J63)/AVERAGE(J58:J63)*100,2),"") | M59: =IFERROR(AVERAGE(J58:J63)-TINV(0.05,COUNT(J58:J63)-1)*STDEV(J58:J63)/SQRT(COUNT(J58:J63)),"") | N59: =IFERROR(AVERAGE(J58:J63)+TINV(0.05,COUNT(J58:J63)-1)*STDEV(J58:J63)/SQRT(COUNT(J58:J63)),"")
A60: IMP-05 | B60: B | C60: 3 | F60: =IFERROR(D60-E60,"") | J60: =IFERROR(ROUND(I60*20/F60,2),"") | K60: =IFERROR(ROUND(STDEV(G58:G63)/AVERAGE(G58:G63)*100,2),"") | L60: =IFERROR(ROUND(STDEV(J58:J63)/AVERAGE(J58:J63)*100,2),"") | M60: =IFERROR(AVERAGE(J58:J63)-TINV(0.05,COUNT(J58:J63)-1)*STDEV(J58:J63)/SQRT(COUNT(J58:J63)),"") | N60: =IFERROR(AVERAGE(J58:J63)+TINV(0.05,COUNT(J58:J63)-1)*STDEV(J58:J63)/SQRT(COUNT(J58:J63)),"")
A61: IMP-05 | B61: B | C61: 4 | F61: =IFERROR(D61-E61,"") | J61: =IFERROR(ROUND(I61*20/F61,2),"") | K61: =IFERROR(ROUND(STDEV(G58:G63)/AVERAGE(G58:G63)*100,2),"") | L61: =IFERROR(ROUND(STDEV(J58:J63)/AVERAGE(J58:J63)*100,2),"") | M61: =IFERROR(AVERAGE(J58:J63)-TINV(0.05,COUNT(J58:J63)-1)*STDEV(J58:J63)/SQRT(COUNT(J58:J63)),"") | N61: =IFERROR(AVERAGE(J58:J63)+TINV(0.05,COUNT(J58:J63)-1)*STDEV(J58:J63)/SQRT(COUNT(J58:J63)),"")
A62: IMP-05 | B62: B | C62: 5 | F62: =IFERROR(D62-E62,"") | J62: =IFERROR(ROUND(I62*20/F62,2),"") | K62: =IFERROR(ROUND(STDEV(G58:G63)/AVERAGE(G58:G63)*100,2),"") | L62: =IFERROR(ROUND(STDEV(J58:J63)/AVERAGE(J58:J63)*100,2),"") | M62: =IFERROR(AVERAGE(J58:J63)-TINV(0.05,COUNT(J58:J63)-1)*STDEV(J58:J63)/SQRT(COUNT(J58:J63)),"") | N62: =IFERROR(AVERAGE(J58:J63)+TINV(0.05,COUNT(J58:J63)-1)*STDEV(J58:J63)/SQRT(COUNT(J58:J63)),"")
A63: IMP-05 | B63: B | C63: 6 | F63: =IFERROR(D63-E63,"") | J63: =IFERROR(ROUND(I63*20/F63,2),"") | K63: =IFERROR(ROUND(STDEV(G58:G63)/AVERAGE(G58:G63)*100,2),"") | L63: =IFERROR(ROUND(STDEV(J58:J63)/AVERAGE(J58:J63)*100,2),"") | M63: =IFERROR(AVERAGE(J58:J63)-TINV(0.05,COUNT(J58:J63)-1)*STDEV(J58:J63)/SQRT(COUNT(J58:J63)),"") | N63: =IFERROR(AVERAGE(J58:J63)+TINV(0.05,COUNT(J58:J63)-1)*STDEV(J58:J63)/SQRT(COUNT(J58:J63)),"")
A64: IMP-06 | B64: A | C64: 1 | F64: =IFERROR(D64-E64,"") | J64: =IFERROR(ROUND(I64*20/F64,2),"") | K64: =IFERROR(ROUND(STDEV(G64:G69)/AVERAGE(G64:G69)*100,2),"") | L64: =IFERROR(ROUND(STDEV(J64:J69)/AVERAGE(J64:J69)*100,2),"") | M64: =IFERROR(AVERAGE(J64:J69)-TINV(0.05,COUNT(J64:J69)-1)*STDEV(J64:J69)/SQRT(COUNT(J64:J69)),"") | N64: =IFERROR(AVERAGE(J64:J69)+TINV(0.05,COUNT(J64:J69)-1)*STDEV(J64:J69)/SQRT(COUNT(J64:J69)),"")
A65: IMP-06 | B65: A | C65: 2 | F65: =IFERROR(D65-E65,"") | J65: =IFERROR(ROUND(I65*20/F65,2),"") | K65: =IFERROR(ROUND(STDEV(G64:G69)/AVERAGE(G64:G69)*100,2),"") | L65: =IFERROR(ROUND(STDEV(J64:J69)/AVERAGE(J64:J69)*100,2),"") | M65: =IFERROR(AVERAGE(J64:J69)-TINV(0.05,COUNT(J64:J69)-1)*STDEV(J64:J69)/SQRT(COUNT(J64:J69)),"") | N65: =IFERROR(AVERAGE(J64:J69)+TINV(0.05,COUNT(J64:J69)-1)*STDEV(J64:J69)/SQRT(COUNT(J64:J69)),"")
A66: IMP-06 | B66: A | C66: 3 | F66: =IFERROR(D66-E66,"") | J66: =IFERROR(ROUND(I66*20/F66,2),"") | K66: =IFERROR(ROUND(STDEV(G64:G69)/AVERAGE(G64:G69)*100,2),"") | L66: =IFERROR(ROUND(STDEV(J64:J69)/AVERAGE(J64:J69)*100,2),"") | M66: =IFERROR(AVERAGE(J64:J69)-TINV(0.05,COUNT(J64:J69)-1)*STDEV(J64:J69)/SQRT(COUNT(J64:J69)),"") | N66: =IFERROR(AVERAGE(J64:J69)+TINV(0.05,COUNT(J64:J69)-1)*STDEV(J64:J69)/SQRT(COUNT(J64:J69)),"")
A67: IMP-06 | B67: A | C67: 4 | F67: =IFERROR(D67-E67,"") | J67: =IFERROR(ROUND(I67*20/F67,2),"") | K67: =IFERROR(ROUND(STDEV(G64:G69)/AVERAGE(G64:G69)*100,2),"") | L67: =IFERROR(ROUND(STDEV(J64:J69)/AVERAGE(J64:J69)*100,2),"") | M67: =IFERROR(AVERAGE(J64:J69)-TINV(0.05,COUNT(J64:J69)-1)*STDEV(J64:J69)/SQRT(COUNT(J64:J69)),"") | N67: =IFERROR(AVERAGE(J64:J69)+TINV(0.05,COUNT(J64:J69)-1)*STDEV(J64:J69)/SQRT(COUNT(J64:J69)),"")
A68: IMP-06 | B68: A | C68: 5 | F68: =IFERROR(D68-E68,"") | J68: =IFERROR(ROUND(I68*20/F68,2),"") | K68: =IFERROR(ROUND(STDEV(G64:G69)/AVERAGE(G64:G69)*100,2),"") | L68: =IFERROR(ROUND(STDEV(J64:J69)/AVERAGE(J64:J69)*100,2),"") | M68: =IFERROR(AVERAGE(J64:J69)-TINV(0.05,COUNT(J64:J69)-1)*STDEV(J64:J69)/SQRT(COUNT(J64:J69)),"") | N68: =IFERROR(AVERAGE(J64:J69)+TINV(0.05,COUNT(J64:J69)-1)*STDEV(J64:J69)/SQRT(COUNT(J64:J69)),"")
A69: IMP-06 | B69: A | C69: 6 | F69: =IFERROR(D69-E69,"") | J69: =IFERROR(ROUND(I69*20/F69,2),"") | K69: =IFERROR(ROUND(STDEV(G64:G69)/AVERAGE(G64:G69)*100,2),"") | L69: =IFERROR(ROUND(STDEV(J64:J69)/AVERAGE(J64:J69)*100,2),"") | M69: =IFERROR(AVERAGE(J64:J69)-TINV(0.05,COUNT(J64:J69)-1)*STDEV(J64:J69)/SQRT(COUNT(J64:J69)),"") | N69: =IFERROR(AVERAGE(J64:J69)+TINV(0.05,COUNT(J64:J69)-1)*STDEV(J64:J69)/SQRT(COUNT(J64:J69)),"")
A70: IMP-06 | B70: B | C70: 1 | F70: =IFERROR(D70-E70,"") | J70: =IFERROR(ROUND(I70*20/F70,2),"") | K70: =IFERROR(ROUND(STDEV(G70:G75)/AVERAGE(G70:G75)*100,2),"") | L70: =IFERROR(ROUND(STDEV(J70:J75)/AVERAGE(J70:J75)*100,2),"") | M70: =IFERROR(AVERAGE(J70:J75)-TINV(0.05,COUNT(J70:J75)-1)*STDEV(J70:J75)/SQRT(COUNT(J70:J75)),"") | N70: =IFERROR(AVERAGE(J70:J75)+TINV(0.05,COUNT(J70:J75)-1)*STDEV(J70:J75)/SQRT(COUNT(J70:J75)),"")
A71: IMP-06 | B71: B | C71: 2 | F71: =IFERROR(D71-E71,"") | J71: =IFERROR(ROUND(I71*20/F71,2),"") | K71: =IFERROR(ROUND(STDEV(G70:G75)/AVERAGE(G70:G75)*100,2),"") | L71: =IFERROR(ROUND(STDEV(J70:J75)/AVERAGE(J70:J75)*100,2),"") | M71: =IFERROR(AVERAGE(J70:J75)-TINV(0.05,COUNT(J70:J75)-1)*STDEV(J70:J75)/SQRT(COUNT(J70:J75)),"") | N71: =IFERROR(AVERAGE(J70:J75)+TINV(0.05,COUNT(J70:J75)-1)*STDEV(J70:J75)/SQRT(COUNT(J70:J75)),"")
A72: IMP-06 | B72: B | C72: 3 | F72: =IFERROR(D72-E72,"") | J72: =IFERROR(ROUND(I72*20/F72,2),"") | K72: =IFERROR(ROUND(STDEV(G70:G75)/AVERAGE(G70:G75)*100,2),"") | L72: =IFERROR(ROUND(STDEV(J70:J75)/AVERAGE(J70:J75)*100,2),"") | M72: =IFERROR(AVERAGE(J70:J75)-TINV(0.05,COUNT(J70:J75)-1)*STDEV(J70:J75)/SQRT(COUNT(J70:J75)),"") | N72: =IFERROR(AVERAGE(J70:J75)+TINV(0.05,COUNT(J70:J75)-1)*STDEV(J70:J75)/SQRT(COUNT(J70:J75)),"")
A73: IMP-06 | B73: B | C73: 4 | F73: =IFERROR(D73-E73,"") | J73: =IFERROR(ROUND(I73*20/F73,2),"") | K73: =IFERROR(ROUND(STDEV(G70:G75)/AVERAGE(G70:G75)*100,2),"") | L73: =IFERROR(ROUND(STDEV(J70:J75)/AVERAGE(J70:J75)*100,2),"") | M73: =IFERROR(AVERAGE(J70:J75)-TINV(0.05,COUNT(J70:J75)-1)*STDEV(J70:J75)/SQRT(COUNT(J70:J75)),"") | N73: =IFERROR(AVERAGE(J70:J75)+TINV(0.05,COUNT(J70:J75)-1)*STDEV(J70:J75)/SQRT(COUNT(J70:J75)),"")
A74: IMP-06 | B74: B | C74: 5 | F74: =IFERROR(D74-E74,"") | J74: =IFERROR(ROUND(I74*20/F74,2),"") | K74: =IFERROR(ROUND(STDEV(G70:G75)/AVERAGE(G70:G75)*100,2),"") | L74: =IFERROR(ROUND(STDEV(J70:J75)/AVERAGE(J70:J75)*100,2),"") | M74: =IFERROR(AVERAGE(J70:J75)-TINV(0.05,COUNT(J70:J75)-1)*STDEV(J70:J75)/SQRT(COUNT(J70:J75)),"") | N74: =IFERROR(AVERAGE(J70:J75)+TINV(0.05,COUNT(J70:J75)-1)*STDEV(J70:J75)/SQRT(COUNT(J70:J75)),"")
A75: IMP-06 | B75: B | C75: 6 | F75: =IFERROR(D75-E75,"") | J75: =IFERROR(ROUND(I75*20/F75,2),"") | K75: =IFERROR(ROUND(STDEV(G70:G75)/AVERAGE(G70:G75)*100,2),"") | L75: =IFERROR(ROUND(STDEV(J70:J75)/AVERAGE(J70:J75)*100,2),"") | M75: =IFERROR(AVERAGE(J70:J75)-TINV(0.05,COUNT(J70:J75)-1)*STDEV(J70:J75)/SQRT(COUNT(J70:J75)),"") | N75: =IFERROR(AVERAGE(J70:J75)+TINV(0.05,COUNT(J70:J75)-1)*STDEV(J70:J75)/SQRT(COUNT(J70:J75)),"")
A76: IMP-07 | B76: A | C76: 1 | F76: =IFERROR(D76-E76,"") | J76: =IFERROR(ROUND(I76*20/F76,2),"") | K76: =IFERROR(ROUND(STDEV(G76:G81)/AVERAGE(G76:G81)*100,2),"") | L76: =IFERROR(ROUND(STDEV(J76:J81)/AVERAGE(J76:J81)*100,2),"") | M76: =IFERROR(AVERAGE(J76:J81)-TINV(0.05,COUNT(J76:J81)-1)*STDEV(J76:J81)/SQRT(COUNT(J76:J81)),"") | N76: =IFERROR(AVERAGE(J76:J81)+TINV(0.05,COUNT(J76:J81)-1)*STDEV(J76:J81)/SQRT(COUNT(J76:J81)),"")
A77: IMP-07 | B77: A | C77: 2 | F77: =IFERROR(D77-E77,"") | J77: =IFERROR(ROUND(I77*20/F77,2),"") | K77: =IFERROR(ROUND(STDEV(G76:G81)/AVERAGE(G76:G81)*100,2),"") | L77: =IFERROR(ROUND(STDEV(J76:J81)/AVERAGE(J76:J81)*100,2),"") | M77: =IFERROR(AVERAGE(J76:J81)-TINV(0.05,COUNT(J76:J81)-1)*STDEV(J76:J81)/SQRT(COUNT(J76:J81)),"") | N77: =IFERROR(AVERAGE(J76:J81)+TINV(0.05,COUNT(J76:J81)-1)*STDEV(J76:J81)/SQRT(COUNT(J76:J81)),"")
A78: IMP-07 | B78: A | C78: 3 | F78: =IFERROR(D78-E78,"") | J78: =IFERROR(ROUND(I78*20/F78,2),"") | K78: =IFERROR(ROUND(STDEV(G76:G81)/AVERAGE(G76:G81)*100,2),"") | L78: =IFERROR(ROUND(STDEV(J76:J81)/AVERAGE(J76:J81)*100,2),"") | M78: =IFERROR(AVERAGE(J76:J81)-TINV(0.05,COUNT(J76:J81)-1)*STDEV(J76:J81)/SQRT(COUNT(J76:J81)),"") | N78: =IFERROR(AVERAGE(J76:J81)+TINV(0.05,COUNT(J76:J81)-1)*STDEV(J76:J81)/SQRT(COUNT(J76:J81)),"")
A79: IMP-07 | B79: A | C79: 4 | F79: =IFERROR(D79-E79,"") | J79: =IFERROR(ROUND(I79*20/F79,2),"") | K79: =IFERROR(ROUND(STDEV(G76:G81)/AVERAGE(G76:G81)*100,2),"") | L79: =IFERROR(ROUND(STDEV(J76:J81)/AVERAGE(J76:J81)*100,2),"") | M79: =IFERROR(AVERAGE(J76:J81)-TINV(0.05,COUNT(J76:J81)-1)*STDEV(J76:J81)/SQRT(COUNT(J76:J81)),"") | N79: =IFERROR(AVERAGE(J76:J81)+TINV(0.05,COUNT(J76:J81)-1)*STDEV(J76:J81)/SQRT(COUNT(J76:J81)),"")
A80: IMP-07 | B80: A | C80: 5 | F80: =IFERROR(D80-E80,"") | J80: =IFERROR(ROUND(I80*20/F80,2),"") | K80: =IFERROR(ROUND(STDEV(G76:G81)/AVERAGE(G76:G81)*100,2),"") | L80: =IFERROR(ROUND(STDEV(J76:J81)/AVERAGE(J76:J81)*100,2),"") | M80: =IFERROR(AVERAGE(J76:J81)-TINV(0.05,COUNT(J76:J81)-1)*STDEV(J76:J81)/SQRT(COUNT(J76:J81)),"") | N80: =IFERROR(AVERAGE(J76:J81)+TINV(0.05,COUNT(J76:J81)-1)*STDEV(J76:J81)/SQRT(COUNT(J76:J81)),"")
A81: IMP-07 | B81: A | C81: 6 | F81: =IFERROR(D81-E81,"") | J81: =IFERROR(ROUND(I81*20/F81,2),"") | K81: =IFERROR(ROUND(STDEV(G76:G81)/AVERAGE(G76:G81)*100,2),"") | L81: =IFERROR(ROUND(STDEV(J76:J81)/AVERAGE(J76:J81)*100,2),"") | M81: =IFERROR(AVERAGE(J76:J81)-TINV(0.05,COUNT(J76:J81)-1)*STDEV(J76:J81)/SQRT(COUNT(J76:J81)),"") | N81: =IFERROR(AVERAGE(J76:J81)+TINV(0.05,COUNT(J76:J81)-1)*STDEV(J76:J81)/SQRT(COUNT(J76:J81)),"")
A82: IMP-07 | B82: B | C82: 1 | F82: =IFERROR(D82-E82,"") | J82: =IFERROR(ROUND(I82*20/F82,2),"") | K82: =IFERROR(ROUND(STDEV(G82:G87)/AVERAGE(G82:G87)*100,2),"") | L82: =IFERROR(ROUND(STDEV(J82:J87)/AVERAGE(J82:J87)*100,2),"") | M82: =IFERROR(AVERAGE(J82:J87)-TINV(0.05,COUNT(J82:J87)-1)*STDEV(J82:J87)/SQRT(COUNT(J82:J87)),"") | N82: =IFERROR(AVERAGE(J82:J87)+TINV(0.05,COUNT(J82:J87)-1)*STDEV(J82:J87)/SQRT(COUNT(J82:J87)),"")
A83: IMP-07 | B83: B | C83: 2 | F83: =IFERROR(D83-E83,"") | J83: =IFERROR(ROUND(I83*20/F83,2),"") | K83: =IFERROR(ROUND(STDEV(G82:G87)/AVERAGE(G82:G87)*100,2),"") | L83: =IFERROR(ROUND(STDEV(J82:J87)/AVERAGE(J82:J87)*100,2),"") | M83: =IFERROR(AVERAGE(J82:J87)-TINV(0.05,COUNT(J82:J87)-1)*STDEV(J82:J87)/SQRT(COUNT(J82:J87)),"") | N83: =IFERROR(AVERAGE(J82:J87)+TINV(0.05,COUNT(J82:J87)-1)*STDEV(J82:J87)/SQRT(COUNT(J82:J87)),"")
A84: IMP-07 | B84: B | C84: 3 | F84: =IFERROR(D84-E84,"") | J84: =IFERROR(ROUND(I84*20/F84,2),"") | K84: =IFERROR(ROUND(STDEV(G82:G87)/AVERAGE(G82:G87)*100,2),"") | L84: =IFERROR(ROUND(STDEV(J82:J87)/AVERAGE(J82:J87)*100,2),"") | M84: =IFERROR(AVERAGE(J82:J87)-TINV(0.05,COUNT(J82:J87)-1)*STDEV(J82:J87)/SQRT(COUNT(J82:J87)),"") | N84: =IFERROR(AVERAGE(J82:J87)+TINV(0.05,COUNT(J82:J87)-1)*STDEV(J82:J87)/SQRT(COUNT(J82:J87)),"")
A85: IMP-07 | B85: B | C85: 4 | F85: =IFERROR(D85-E85,"") | J85: =IFERROR(ROUND(I85*20/F85,2),"") | K85: =IFERROR(ROUND(STDEV(G82:G87)/AVERAGE(G82:G87)*100,2),"") | L85: =IFERROR(ROUND(STDEV(J82:J87)/AVERAGE(J82:J87)*100,2),"") | M85: =IFERROR(AVERAGE(J82:J87)-TINV(0.05,COUNT(J82:J87)-1)*STDEV(J82:J87)/SQRT(COUNT(J82:J87)),"") | N85: =IFERROR(AVERAGE(J82:J87)+TINV(0.05,COUNT(J82:J87)-1)*STDEV(J82:J87)/SQRT(COUNT(J82:J87)),"")
A86: IMP-07 | B86: B | C86: 5 | F86: =IFERROR(D86-E86,"") | J86: =IFERROR(ROUND(I86*20/F86,2),"") | K86: =IFERROR(ROUND(STDEV(G82:G87)/AVERAGE(G82:G87)*100,2),"") | L86: =IFERROR(ROUND(STDEV(J82:J87)/AVERAGE(J82:J87)*100,2),"") | M86: =IFERROR(AVERAGE(J82:J87)-TINV(0.05,COUNT(J82:J87)-1)*STDEV(J82:J87)/SQRT(COUNT(J82:J87)),"") | N86: =IFERROR(AVERAGE(J82:J87)+TINV(0.05,COUNT(J82:J87)-1)*STDEV(J82:J87)/SQRT(COUNT(J82:J87)),"")
A87: IMP-07 | B87: B | C87: 6 | F87: =IFERROR(D87-E87,"") | J87: =IFERROR(ROUND(I87*20/F87,2),"") | K87: =IFERROR(ROUND(STDEV(G82:G87)/AVERAGE(G82:G87)*100,2),"") | L87: =IFERROR(ROUND(STDEV(J82:J87)/AVERAGE(J82:J87)*100,2),"") | M87: =IFERROR(AVERAGE(J82:J87)-TINV(0.05,COUNT(J82:J87)-1)*STDEV(J82:J87)/SQRT(COUNT(J82:J87)),"") | N87: =IFERROR(AVERAGE(J82:J87)+TINV(0.05,COUNT(J82:J87)-1)*STDEV(J82:J87)/SQRT(COUNT(J82:J87)),"")
A88: IMP-08 | B88: A | C88: 1 | F88: =IFERROR(D88-E88,"") | J88: =IFERROR(ROUND(I88*20/F88,2),"") | K88: =IFERROR(ROUND(STDEV(G88:G93)/AVERAGE(G88:G93)*100,2),"") | L88: =IFERROR(ROUND(STDEV(J88:J93)/AVERAGE(J88:J93)*100,2),"") | M88: =IFERROR(AVERAGE(J88:J93)-TINV(0.05,COUNT(J88:J93)-1)*STDEV(J88:J93)/SQRT(COUNT(J88:J93)),"") | N88: =IFERROR(AVERAGE(J88:J93)+TINV(0.05,COUNT(J88:J93)-1)*STDEV(J88:J93)/SQRT(COUNT(J88:J93)),"")
A89: IMP-08 | B89: A | C89: 2 | F89: =IFERROR(D89-E89,"") | J89: =IFERROR(ROUND(I89*20/F89,2),"") | K89: =IFERROR(ROUND(STDEV(G88:G93)/AVERAGE(G88:G93)*100,2),"") | L89: =IFERROR(ROUND(STDEV(J88:J93)/AVERAGE(J88:J93)*100,2),"") | M89: =IFERROR(AVERAGE(J88:J93)-TINV(0.05,COUNT(J88:J93)-1)*STDEV(J88:J93)/SQRT(COUNT(J88:J93)),"") | N89: =IFERROR(AVERAGE(J88:J93)+TINV(0.05,COUNT(J88:J93)-1)*STDEV(J88:J93)/SQRT(COUNT(J88:J93)),"")
A90: IMP-08 | B90: A | C90: 3 | F90: =IFERROR(D90-E90,"") | J90: =IFERROR(ROUND(I90*20/F90,2),"") | K90: =IFERROR(ROUND(STDEV(G88:G93)/AVERAGE(G88:G93)*100,2),"") | L90: =IFERROR(ROUND(STDEV(J88:J93)/AVERAGE(J88:J93)*100,2),"") | M90: =IFERROR(AVERAGE(J88:J93)-TINV(0.05,COUNT(J88:J93)-1)*STDEV(J88:J93)/SQRT(COUNT(J88:J93)),"") | N90: =IFERROR(AVERAGE(J88:J93)+TINV(0.05,COUNT(J88:J93)-1)*STDEV(J88:J93)/SQRT(COUNT(J88:J93)),"")
A91: IMP-08 | B91: A | C91: 4 | F91: =IFERROR(D91-E91,"") | J91: =IFERROR(ROUND(I91*20/F91,2),"") | K91: =IFERROR(ROUND(STDEV(G88:G93)/AVERAGE(G88:G93)*100,2),"") | L91: =IFERROR(ROUND(STDEV(J88:J93)/AVERAGE(J88:J93)*100,2),"") | M91: =IFERROR(AVERAGE(J88:J93)-TINV(0.05,COUNT(J88:J93)-1)*STDEV(J88:J93)/SQRT(COUNT(J88:J93)),"") | N91: =IFERROR(AVERAGE(J88:J93)+TINV(0.05,COUNT(J88:J93)-1)*STDEV(J88:J93)/SQRT(COUNT(J88:J93)),"")
A92: IMP-08 | B92: A | C92: 5 | F92: =IFERROR(D92-E92,"") | J92: =IFERROR(ROUND(I92*20/F92,2),"") | K92: =IFERROR(ROUND(STDEV(G88:G93)/AVERAGE(G88:G93)*100,2),"") | L92: =IFERROR(ROUND(STDEV(J88:J93)/AVERAGE(J88:J93)*100,2),"") | M92: =IFERROR(AVERAGE(J88:J93)-TINV(0.05,COUNT(J88:J93)-1)*STDEV(J88:J93)/SQRT(COUNT(J88:J93)),"") | N92: =IFERROR(AVERAGE(J88:J93)+TINV(0.05,COUNT(J88:J93)-1)*STDEV(J88:J93)/SQRT(COUNT(J88:J93)),"")
A93: IMP-08 | B93: A | C93: 6 | F93: =IFERROR(D93-E93,"") | J93: =IFERROR(ROUND(I93*20/F93,2),"") | K93: =IFERROR(ROUND(STDEV(G88:G93)/AVERAGE(G88:G93)*100,2),"") | L93: =IFERROR(ROUND(STDEV(J88:J93)/AVERAGE(J88:J93)*100,2),"") | M93: =IFERROR(AVERAGE(J88:J93)-TINV(0.05,COUNT(J88:J93)-1)*STDEV(J88:J93)/SQRT(COUNT(J88:J93)),"") | N93: =IFERROR(AVERAGE(J88:J93)+TINV(0.05,COUNT(J88:J93)-1)*STDEV(J88:J93)/SQRT(COUNT(J88:J93)),"")
A94: IMP-08 | B94: B | C94: 1 | F94: =IFERROR(D94-E94,"") | J94: =IFERROR(ROUND(I94*20/F94,2),"") | K94: =IFERROR(ROUND(STDEV(G94:G99)/AVERAGE(G94:G99)*100,2),"") | L94: =IFERROR(ROUND(STDEV(J94:J99)/AVERAGE(J94:J99)*100,2),"") | M94: =IFERROR(AVERAGE(J94:J99)-TINV(0.05,COUNT(J94:J99)-1)*STDEV(J94:J99)/SQRT(COUNT(J94:J99)),"") | N94: =IFERROR(AVERAGE(J94:J99)+TINV(0.05,COUNT(J94:J99)-1)*STDEV(J94:J99)/SQRT(COUNT(J94:J99)),"")
A95: IMP-08 | B95: B | C95: 2 | F95: =IFERROR(D95-E95,"") | J95: =IFERROR(ROUND(I95*20/F95,2),"") | K95: =IFERROR(ROUND(STDEV(G94:G99)/AVERAGE(G94:G99)*100,2),"") | L95: =IFERROR(ROUND(STDEV(J94:J99)/AVERAGE(J94:J99)*100,2),"") | M95: =IFERROR(AVERAGE(J94:J99)-TINV(0.05,COUNT(J94:J99)-1)*STDEV(J94:J99)/SQRT(COUNT(J94:J99)),"") | N95: =IFERROR(AVERAGE(J94:J99)+TINV(0.05,COUNT(J94:J99)-1)*STDEV(J94:J99)/SQRT(COUNT(J94:J99)),"")
A96: IMP-08 | B96: B | C96: 3 | F96: =IFERROR(D96-E96,"") | J96: =IFERROR(ROUND(I96*20/F96,2),"") | K96: =IFERROR(ROUND(STDEV(G94:G99)/AVERAGE(G94:G99)*100,2),"") | L96: =IFERROR(ROUND(STDEV(J94:J99)/AVERAGE(J94:J99)*100,2),"") | M96: =IFERROR(AVERAGE(J94:J99)-TINV(0.05,COUNT(J94:J99)-1)*STDEV(J94:J99)/SQRT(COUNT(J94:J99)),"") | N96: =IFERROR(AVERAGE(J94:J99)+TINV(0.05,COUNT(J94:J99)-1)*STDEV(J94:J99)/SQRT(COUNT(J94:J99)),"")
A97: IMP-08 | B97: B | C97: 4 | F97: =IFERROR(D97-E97,"") | J97: =IFERROR(ROUND(I97*20/F97,2),"") | K97: =IFERROR(ROUND(STDEV(G94:G99)/AVERAGE(G94:G99)*100,2),"") | L97: =IFERROR(ROUND(STDEV(J94:J99)/AVERAGE(J94:J99)*100,2),"") | M97: =IFERROR(AVERAGE(J94:J99)-TINV(0.05,COUNT(J94:J99)-1)*STDEV(J94:J99)/SQRT(COUNT(J94:J99)),"") | N97: =IFERROR(AVERAGE(J94:J99)+TINV(0.05,COUNT(J94:J99)-1)*STDEV(J94:J99)/SQRT(COUNT(J94:J99)),"")
A98: IMP-08 | B98: B | C98: 5 | F98: =IFERROR(D98-E98,"") | J98: =IFERROR(ROUND(I98*20/F98,2),"") | K98: =IFERROR(ROUND(STDEV(G94:G99)/AVERAGE(G94:G99)*100,2),"") | L98: =IFERROR(ROUND(STDEV(J94:J99)/AVERAGE(J94:J99)*100,2),"") | M98: =IFERROR(AVERAGE(J94:J99)-TINV(0.05,COUNT(J94:J99)-1)*STDEV(J94:J99)/SQRT(COUNT(J94:J99)),"") | N98: =IFERROR(AVERAGE(J94:J99)+TINV(0.05,COUNT(J94:J99)-1)*STDEV(J94:J99)/SQRT(COUNT(J94:J99)),"")
A99: IMP-08 | B99: B | C99: 6 | F99: =IFERROR(D99-E99,"") | J99: =IFERROR(ROUND(I99*20/F99,2),"") | K99: =IFERROR(ROUND(STDEV(G94:G99)/AVERAGE(G94:G99)*100,2),"") | L99: =IFERROR(ROUND(STDEV(J94:J99)/AVERAGE(J94:J99)*100,2),"") | M99: =IFERROR(AVERAGE(J94:J99)-TINV(0.05,COUNT(J94:J99)-1)*STDEV(J94:J99)/SQRT(COUNT(J94:J99)),"") | N99: =IFERROR(AVERAGE(J94:J99)+TINV(0.05,COUNT(J94:J99)-1)*STDEV(J94:J99)/SQRT(COUNT(J94:J99)),"")
A100: IMP-09 | B100: A | C100: 1 | F100: =IFERROR(D100-E100,"") | J100: =IFERROR(ROUND(I100*20/F100,2),"") | K100: =IFERROR(ROUND(STDEV(G100:G105)/AVERAGE(G100:G105)*100,2),"") | L100: =IFERROR(ROUND(STDEV(J100:J105)/AVERAGE(J100:J105)*100,2),"") | M100: =IFERROR(AVERAGE(J100:J105)-TINV(0.05,COUNT(J100:J105)-1)*STDEV(J100:J105)/SQRT(COUNT(J100:J105)),"") | N100: =IFERROR(AVERAGE(J100:J105)+TINV(0.05,COUNT(J100:J105)-1)*STDEV(J100:J105)/SQRT(COUNT(J100:J105)),"")
...

Sheet 准确度结果
A1: 准确度结果
A2: impurity_id | B2: record_type | C2: level | D2: sequence | E2: api_weight | F2: peak_area | G2: measured_concentration | H2: measured_amount | I2: blank_amount | J2: added_amount | K2: recovery | L2: average_recovery | M2: recovery_rsd
A3: 杂质编号 | B3: 记录类型 | C3: 加标水平 | D3: No. | E3: API质量（mg） | F3: 峰面积 | G3: 测得浓度（ng/ml） | H3: 测得量 | I3: 空白量 | J3: 加入量 | K3: 回收率（%） | L3: 平均回收率（%） | M3: 回收率RSD（%）
A4: IMP-01 | B4: BLANK | D4: 1 | H4: =IFERROR(G4*20/E4,"") | I4: =IF(B4="BLANK",H4,IFERROR(AVERAGE(H4:H6),"")) | K4: =IF(OR(B4<>"SPIKED",J4=""),"",IFERROR((H4-I4)/J4*100,"")) | L4: =IFERROR(AVERAGE(K7:K18),"") | M4: =IFERROR(STDEV(K7:K18)/L4*100,"")
A5: IMP-01 | B5: BLANK | D5: 2 | H5: =IFERROR(G5*20/E5,"") | I5: =IF(B5="BLANK",H5,IFERROR(AVERAGE(H4:H6),"")) | K5: =IF(OR(B5<>"SPIKED",J5=""),"",IFERROR((H5-I5)/J5*100,"")) | L5: =IFERROR(AVERAGE(K7:K18),"") | M5: =IFERROR(STDEV(K7:K18)/L5*100,"")
A6: IMP-01 | B6: BLANK | D6: 3 | H6: =IFERROR(G6*20/E6,"") | I6: =IF(B6="BLANK",H6,IFERROR(AVERAGE(H4:H6),"")) | K6: =IF(OR(B6<>"SPIKED",J6=""),"",IFERROR((H6-I6)/J6*100,"")) | L6: =IFERROR(AVERAGE(K7:K18),"") | M6: =IFERROR(STDEV(K7:K18)/L6*100,"")
A7: IMP-01 | B7: SPIKED | C7: LOQ | D7: 1 | H7: =IFERROR(G7*20/E7,"") | I7: =IF(B7="BLANK",H7,IFERROR(AVERAGE(H4:H6),"")) | K7: =IF(OR(B7<>"SPIKED",J7=""),"",IFERROR((H7-I7)/J7*100,"")) | L7: =IFERROR(AVERAGE(K7:K18),"") | M7: =IFERROR(STDEV(K7:K18)/L7*100,"")
A8: IMP-01 | B8: SPIKED | C8: LOQ | D8: 2 | H8: =IFERROR(G8*20/E8,"") | I8: =IF(B8="BLANK",H8,IFERROR(AVERAGE(H4:H6),"")) | K8: =IF(OR(B8<>"SPIKED",J8=""),"",IFERROR((H8-I8)/J8*100,"")) | L8: =IFERROR(AVERAGE(K7:K18),"") | M8: =IFERROR(STDEV(K7:K18)/L8*100,"")
A9: IMP-01 | B9: SPIKED | C9: LOQ | D9: 3 | H9: =IFERROR(G9*20/E9,"") | I9: =IF(B9="BLANK",H9,IFERROR(AVERAGE(H4:H6),"")) | K9: =IF(OR(B9<>"SPIKED",J9=""),"",IFERROR((H9-I9)/J9*100,"")) | L9: =IFERROR(AVERAGE(K7:K18),"") | M9: =IFERROR(STDEV(K7:K18)/L9*100,"")
A10: IMP-01 | B10: SPIKED | C10: 50% | D10: 1 | H10: =IFERROR(G10*20/E10,"") | I10: =IF(B10="BLANK",H10,IFERROR(AVERAGE(H4:H6),"")) | K10: =IF(OR(B10<>"SPIKED",J10=""),"",IFERROR((H10-I10)/J10*100,"")) | L10: =IFERROR(AVERAGE(K7:K18),"") | M10: =IFERROR(STDEV(K7:K18)/L10*100,"")
A11: IMP-01 | B11: SPIKED | C11: 50% | D11: 2 | H11: =IFERROR(G11*20/E11,"") | I11: =IF(B11="BLANK",H11,IFERROR(AVERAGE(H4:H6),"")) | K11: =IF(OR(B11<>"SPIKED",J11=""),"",IFERROR((H11-I11)/J11*100,"")) | L11: =IFERROR(AVERAGE(K7:K18),"") | M11: =IFERROR(STDEV(K7:K18)/L11*100,"")
A12: IMP-01 | B12: SPIKED | C12: 50% | D12: 3 | H12: =IFERROR(G12*20/E12,"") | I12: =IF(B12="BLANK",H12,IFERROR(AVERAGE(H4:H6),"")) | K12: =IF(OR(B12<>"SPIKED",J12=""),"",IFERROR((H12-I12)/J12*100,"")) | L12: =IFERROR(AVERAGE(K7:K18),"") | M12: =IFERROR(STDEV(K7:K18)/L12*100,"")
A13: IMP-01 | B13: SPIKED | C13: 100% | D13: 1 | H13: =IFERROR(G13*20/E13,"") | I13: =IF(B13="BLANK",H13,IFERROR(AVERAGE(H4:H6),"")) | K13: =IF(OR(B13<>"SPIKED",J13=""),"",IFERROR((H13-I13)/J13*100,"")) | L13: =IFERROR(AVERAGE(K7:K18),"") | M13: =IFERROR(STDEV(K7:K18)/L13*100,"")
A14: IMP-01 | B14: SPIKED | C14: 100% | D14: 2 | H14: =IFERROR(G14*20/E14,"") | I14: =IF(B14="BLANK",H14,IFERROR(AVERAGE(H4:H6),"")) | K14: =IF(OR(B14<>"SPIKED",J14=""),"",IFERROR((H14-I14)/J14*100,"")) | L14: =IFERROR(AVERAGE(K7:K18),"") | M14: =IFERROR(STDEV(K7:K18)/L14*100,"")
A15: IMP-01 | B15: SPIKED | C15: 100% | D15: 3 | H15: =IFERROR(G15*20/E15,"") | I15: =IF(B15="BLANK",H15,IFERROR(AVERAGE(H4:H6),"")) | K15: =IF(OR(B15<>"SPIKED",J15=""),"",IFERROR((H15-I15)/J15*100,"")) | L15: =IFERROR(AVERAGE(K7:K18),"") | M15: =IFERROR(STDEV(K7:K18)/L15*100,"")
A16: IMP-01 | B16: SPIKED | C16: 150% | D16: 1 | H16: =IFERROR(G16*20/E16,"") | I16: =IF(B16="BLANK",H16,IFERROR(AVERAGE(H4:H6),"")) | K16: =IF(OR(B16<>"SPIKED",J16=""),"",IFERROR((H16-I16)/J16*100,"")) | L16: =IFERROR(AVERAGE(K7:K18),"") | M16: =IFERROR(STDEV(K7:K18)/L16*100,"")
A17: IMP-01 | B17: SPIKED | C17: 150% | D17: 2 | H17: =IFERROR(G17*20/E17,"") | I17: =IF(B17="BLANK",H17,IFERROR(AVERAGE(H4:H6),"")) | K17: =IF(OR(B17<>"SPIKED",J17=""),"",IFERROR((H17-I17)/J17*100,"")) | L17: =IFERROR(AVERAGE(K7:K18),"") | M17: =IFERROR(STDEV(K7:K18)/L17*100,"")
A18: IMP-01 | B18: SPIKED | C18: 150% | D18: 3 | H18: =IFERROR(G18*20/E18,"") | I18: =IF(B18="BLANK",H18,IFERROR(AVERAGE(H4:H6),"")) | K18: =IF(OR(B18<>"SPIKED",J18=""),"",IFERROR((H18-I18)/J18*100,"")) | L18: =IFERROR(AVERAGE(K7:K18),"") | M18: =IFERROR(STDEV(K7:K18)/L18*100,"")
A19: IMP-02 | B19: BLANK | D19: 1 | H19: =IFERROR(G19*20/E19,"") | I19: =IF(B19="BLANK",H19,IFERROR(AVERAGE(H19:H21),"")) | K19: =IF(OR(B19<>"SPIKED",J19=""),"",IFERROR((H19-I19)/J19*100,"")) | L19: =IFERROR(AVERAGE(K22:K33),"") | M19: =IFERROR(STDEV(K22:K33)/L19*100,"")
A20: IMP-02 | B20: BLANK | D20: 2 | H20: =IFERROR(G20*20/E20,"") | I20: =IF(B20="BLANK",H20,IFERROR(AVERAGE(H19:H21),"")) | K20: =IF(OR(B20<>"SPIKED",J20=""),"",IFERROR((H20-I20)/J20*100,"")) | L20: =IFERROR(AVERAGE(K22:K33),"") | M20: =IFERROR(STDEV(K22:K33)/L20*100,"")
A21: IMP-02 | B21: BLANK | D21: 3 | H21: =IFERROR(G21*20/E21,"") | I21: =IF(B21="BLANK",H21,IFERROR(AVERAGE(H19:H21),"")) | K21: =IF(OR(B21<>"SPIKED",J21=""),"",IFERROR((H21-I21)/J21*100,"")) | L21: =IFERROR(AVERAGE(K22:K33),"") | M21: =IFERROR(STDEV(K22:K33)/L21*100,"")
A22: IMP-02 | B22: SPIKED | C22: LOQ | D22: 1 | H22: =IFERROR(G22*20/E22,"") | I22: =IF(B22="BLANK",H22,IFERROR(AVERAGE(H19:H21),"")) | K22: =IF(OR(B22<>"SPIKED",J22=""),"",IFERROR((H22-I22)/J22*100,"")) | L22: =IFERROR(AVERAGE(K22:K33),"") | M22: =IFERROR(STDEV(K22:K33)/L22*100,"")
A23: IMP-02 | B23: SPIKED | C23: LOQ | D23: 2 | H23: =IFERROR(G23*20/E23,"") | I23: =IF(B23="BLANK",H23,IFERROR(AVERAGE(H19:H21),"")) | K23: =IF(OR(B23<>"SPIKED",J23=""),"",IFERROR((H23-I23)/J23*100,"")) | L23: =IFERROR(AVERAGE(K22:K33),"") | M23: =IFERROR(STDEV(K22:K33)/L23*100,"")
A24: IMP-02 | B24: SPIKED | C24: LOQ | D24: 3 | H24: =IFERROR(G24*20/E24,"") | I24: =IF(B24="BLANK",H24,IFERROR(AVERAGE(H19:H21),"")) | K24: =IF(OR(B24<>"SPIKED",J24=""),"",IFERROR((H24-I24)/J24*100,"")) | L24: =IFERROR(AVERAGE(K22:K33),"") | M24: =IFERROR(STDEV(K22:K33)/L24*100,"")
A25: IMP-02 | B25: SPIKED | C25: 50% | D25: 1 | H25: =IFERROR(G25*20/E25,"") | I25: =IF(B25="BLANK",H25,IFERROR(AVERAGE(H19:H21),"")) | K25: =IF(OR(B25<>"SPIKED",J25=""),"",IFERROR((H25-I25)/J25*100,"")) | L25: =IFERROR(AVERAGE(K22:K33),"") | M25: =IFERROR(STDEV(K22:K33)/L25*100,"")
A26: IMP-02 | B26: SPIKED | C26: 50% | D26: 2 | H26: =IFERROR(G26*20/E26,"") | I26: =IF(B26="BLANK",H26,IFERROR(AVERAGE(H19:H21),"")) | K26: =IF(OR(B26<>"SPIKED",J26=""),"",IFERROR((H26-I26)/J26*100,"")) | L26: =IFERROR(AVERAGE(K22:K33),"") | M26: =IFERROR(STDEV(K22:K33)/L26*100,"")
A27: IMP-02 | B27: SPIKED | C27: 50% | D27: 3 | H27: =IFERROR(G27*20/E27,"") | I27: =IF(B27="BLANK",H27,IFERROR(AVERAGE(H19:H21),"")) | K27: =IF(OR(B27<>"SPIKED",J27=""),"",IFERROR((H27-I27)/J27*100,"")) | L27: =IFERROR(AVERAGE(K22:K33),"") | M27: =IFERROR(STDEV(K22:K33)/L27*100,"")
A28: IMP-02 | B28: SPIKED | C28: 100% | D28: 1 | H28: =IFERROR(G28*20/E28,"") | I28: =IF(B28="BLANK",H28,IFERROR(AVERAGE(H19:H21),"")) | K28: =IF(OR(B28<>"SPIKED",J28=""),"",IFERROR((H28-I28)/J28*100,"")) | L28: =IFERROR(AVERAGE(K22:K33),"") | M28: =IFERROR(STDEV(K22:K33)/L28*100,"")
A29: IMP-02 | B29: SPIKED | C29: 100% | D29: 2 | H29: =IFERROR(G29*20/E29,"") | I29: =IF(B29="BLANK",H29,IFERROR(AVERAGE(H19:H21),"")) | K29: =IF(OR(B29<>"SPIKED",J29=""),"",IFERROR((H29-I29)/J29*100,"")) | L29: =IFERROR(AVERAGE(K22:K33),"") | M29: =IFERROR(STDEV(K22:K33)/L29*100,"")
A30: IMP-02 | B30: SPIKED | C30: 100% | D30: 3 | H30: =IFERROR(G30*20/E30,"") | I30: =IF(B30="BLANK",H30,IFERROR(AVERAGE(H19:H21),"")) | K30: =IF(OR(B30<>"SPIKED",J30=""),"",IFERROR((H30-I30)/J30*100,"")) | L30: =IFERROR(AVERAGE(K22:K33),"") | M30: =IFERROR(STDEV(K22:K33)/L30*100,"")
A31: IMP-02 | B31: SPIKED | C31: 150% | D31: 1 | H31: =IFERROR(G31*20/E31,"") | I31: =IF(B31="BLANK",H31,IFERROR(AVERAGE(H19:H21),"")) | K31: =IF(OR(B31<>"SPIKED",J31=""),"",IFERROR((H31-I31)/J31*100,"")) | L31: =IFERROR(AVERAGE(K22:K33),"") | M31: =IFERROR(STDEV(K22:K33)/L31*100,"")
A32: IMP-02 | B32: SPIKED | C32: 150% | D32: 2 | H32: =IFERROR(G32*20/E32,"") | I32: =IF(B32="BLANK",H32,IFERROR(AVERAGE(H19:H21),"")) | K32: =IF(OR(B32<>"SPIKED",J32=""),"",IFERROR((H32-I32)/J32*100,"")) | L32: =IFERROR(AVERAGE(K22:K33),"") | M32: =IFERROR(STDEV(K22:K33)/L32*100,"")
A33: IMP-02 | B33: SPIKED | C33: 150% | D33: 3 | H33: =IFERROR(G33*20/E33,"") | I33: =IF(B33="BLANK",H33,IFERROR(AVERAGE(H19:H21),"")) | K33: =IF(OR(B33<>"SPIKED",J33=""),"",IFERROR((H33-I33)/J33*100,"")) | L33: =IFERROR(AVERAGE(K22:K33),"") | M33: =IFERROR(STDEV(K22:K33)/L33*100,"")
A34: IMP-03 | B34: BLANK | D34: 1 | H34: =IFERROR(G34*20/E34,"") | I34: =IF(B34="BLANK",H34,IFERROR(AVERAGE(H34:H36),"")) | K34: =IF(OR(B34<>"SPIKED",J34=""),"",IFERROR((H34-I34)/J34*100,"")) | L34: =IFERROR(AVERAGE(K37:K48),"") | M34: =IFERROR(STDEV(K37:K48)/L34*100,"")
A35: IMP-03 | B35: BLANK | D35: 2 | H35: =IFERROR(G35*20/E35,"") | I35: =IF(B35="BLANK",H35,IFERROR(AVERAGE(H34:H36),"")) | K35: =IF(OR(B35<>"SPIKED",J35=""),"",IFERROR((H35-I35)/J35*100,"")) | L35: =IFERROR(AVERAGE(K37:K48),"") | M35: =IFERROR(STDEV(K37:K48)/L35*100,"")
A36: IMP-03 | B36: BLANK | D36: 3 | H36: =IFERROR(G36*20/E36,"") | I36: =IF(B36="BLANK",H36,IFERROR(AVERAGE(H34:H36),"")) | K36: =IF(OR(B36<>"SPIKED",J36=""),"",IFERROR((H36-I36)/J36*100,"")) | L36: =IFERROR(AVERAGE(K37:K48),"") | M36: =IFERROR(STDEV(K37:K48)/L36*100,"")
A37: IMP-03 | B37: SPIKED | C37: LOQ | D37: 1 | H37: =IFERROR(G37*20/E37,"") | I37: =IF(B37="BLANK",H37,IFERROR(AVERAGE(H34:H36),"")) | K37: =IF(OR(B37<>"SPIKED",J37=""),"",IFERROR((H37-I37)/J37*100,"")) | L37: =IFERROR(AVERAGE(K37:K48),"") | M37: =IFERROR(STDEV(K37:K48)/L37*100,"")
A38: IMP-03 | B38: SPIKED | C38: LOQ | D38: 2 | H38: =IFERROR(G38*20/E38,"") | I38: =IF(B38="BLANK",H38,IFERROR(AVERAGE(H34:H36),"")) | K38: =IF(OR(B38<>"SPIKED",J38=""),"",IFERROR((H38-I38)/J38*100,"")) | L38: =IFERROR(AVERAGE(K37:K48),"") | M38: =IFERROR(STDEV(K37:K48)/L38*100,"")
A39: IMP-03 | B39: SPIKED | C39: LOQ | D39: 3 | H39: =IFERROR(G39*20/E39,"") | I39: =IF(B39="BLANK",H39,IFERROR(AVERAGE(H34:H36),"")) | K39: =IF(OR(B39<>"SPIKED",J39=""),"",IFERROR((H39-I39)/J39*100,"")) | L39: =IFERROR(AVERAGE(K37:K48),"") | M39: =IFERROR(STDEV(K37:K48)/L39*100,"")
A40: IMP-03 | B40: SPIKED | C40: 50% | D40: 1 | H40: =IFERROR(G40*20/E40,"") | I40: =IF(B40="BLANK",H40,IFERROR(AVERAGE(H34:H36),"")) | K40: =IF(OR(B40<>"SPIKED",J40=""),"",IFERROR((H40-I40)/J40*100,"")) | L40: =IFERROR(AVERAGE(K37:K48),"") | M40: =IFERROR(STDEV(K37:K48)/L40*100,"")
A41: IMP-03 | B41: SPIKED | C41: 50% | D41: 2 | H41: =IFERROR(G41*20/E41,"") | I41: =IF(B41="BLANK",H41,IFERROR(AVERAGE(H34:H36),"")) | K41: =IF(OR(B41<>"SPIKED",J41=""),"",IFERROR((H41-I41)/J41*100,"")) | L41: =IFERROR(AVERAGE(K37:K48),"") | M41: =IFERROR(STDEV(K37:K48)/L41*100,"")
A42: IMP-03 | B42: SPIKED | C42: 50% | D42: 3 | H42: =IFERROR(G42*20/E42,"") | I42: =IF(B42="BLANK",H42,IFERROR(AVERAGE(H34:H36),"")) | K42: =IF(OR(B42<>"SPIKED",J42=""),"",IFERROR((H42-I42)/J42*100,"")) | L42: =IFERROR(AVERAGE(K37:K48),"") | M42: =IFERROR(STDEV(K37:K48)/L42*100,"")
A43: IMP-03 | B43: SPIKED | C43: 100% | D43: 1 | H43: =IFERROR(G43*20/E43,"") | I43: =IF(B43="BLANK",H43,IFERROR(AVERAGE(H34:H36),"")) | K43: =IF(OR(B43<>"SPIKED",J43=""),"",IFERROR((H43-I43)/J43*100,"")) | L43: =IFERROR(AVERAGE(K37:K48),"") | M43: =IFERROR(STDEV(K37:K48)/L43*100,"")
A44: IMP-03 | B44: SPIKED | C44: 100% | D44: 2 | H44: =IFERROR(G44*20/E44,"") | I44: =IF(B44="BLANK",H44,IFERROR(AVERAGE(H34:H36),"")) | K44: =IF(OR(B44<>"SPIKED",J44=""),"",IFERROR((H44-I44)/J44*100,"")) | L44: =IFERROR(AVERAGE(K37:K48),"") | M44: =IFERROR(STDEV(K37:K48)/L44*100,"")
A45: IMP-03 | B45: SPIKED | C45: 100% | D45: 3 | H45: =IFERROR(G45*20/E45,"") | I45: =IF(B45="BLANK",H45,IFERROR(AVERAGE(H34:H36),"")) | K45: =IF(OR(B45<>"SPIKED",J45=""),"",IFERROR((H45-I45)/J45*100,"")) | L45: =IFERROR(AVERAGE(K37:K48),"") | M45: =IFERROR(STDEV(K37:K48)/L45*100,"")
A46: IMP-03 | B46: SPIKED | C46: 150% | D46: 1 | H46: =IFERROR(G46*20/E46,"") | I46: =IF(B46="BLANK",H46,IFERROR(AVERAGE(H34:H36),"")) | K46: =IF(OR(B46<>"SPIKED",J46=""),"",IFERROR((H46-I46)/J46*100,"")) | L46: =IFERROR(AVERAGE(K37:K48),"") | M46: =IFERROR(STDEV(K37:K48)/L46*100,"")
A47: IMP-03 | B47: SPIKED | C47: 150% | D47: 2 | H47: =IFERROR(G47*20/E47,"") | I47: =IF(B47="BLANK",H47,IFERROR(AVERAGE(H34:H36),"")) | K47: =IF(OR(B47<>"SPIKED",J47=""),"",IFERROR((H47-I47)/J47*100,"")) | L47: =IFERROR(AVERAGE(K37:K48),"") | M47: =IFERROR(STDEV(K37:K48)/L47*100,"")
A48: IMP-03 | B48: SPIKED | C48: 150% | D48: 3 | H48: =IFERROR(G48*20/E48,"") | I48: =IF(B48="BLANK",H48,IFERROR(AVERAGE(H34:H36),"")) | K48: =IF(OR(B48<>"SPIKED",J48=""),"",IFERROR((H48-I48)/J48*100,"")) | L48: =IFERROR(AVERAGE(K37:K48),"") | M48: =IFERROR(STDEV(K37:K48)/L48*100,"")
A49: IMP-04 | B49: BLANK | D49: 1 | H49: =IFERROR(G49*20/E49,"") | I49: =IF(B49="BLANK",H49,IFERROR(AVERAGE(H49:H51),"")) | K49: =IF(OR(B49<>"SPIKED",J49=""),"",IFERROR((H49-I49)/J49*100,"")) | L49: =IFERROR(AVERAGE(K52:K63),"") | M49: =IFERROR(STDEV(K52:K63)/L49*100,"")
A50: IMP-04 | B50: BLANK | D50: 2 | H50: =IFERROR(G50*20/E50,"") | I50: =IF(B50="BLANK",H50,IFERROR(AVERAGE(H49:H51),"")) | K50: =IF(OR(B50<>"SPIKED",J50=""),"",IFERROR((H50-I50)/J50*100,"")) | L50: =IFERROR(AVERAGE(K52:K63),"") | M50: =IFERROR(STDEV(K52:K63)/L50*100,"")
A51: IMP-04 | B51: BLANK | D51: 3 | H51: =IFERROR(G51*20/E51,"") | I51: =IF(B51="BLANK",H51,IFERROR(AVERAGE(H49:H51),"")) | K51: =IF(OR(B51<>"SPIKED",J51=""),"",IFERROR((H51-I51)/J51*100,"")) | L51: =IFERROR(AVERAGE(K52:K63),"") | M51: =IFERROR(STDEV(K52:K63)/L51*100,"")
A52: IMP-04 | B52: SPIKED | C52: LOQ | D52: 1 | H52: =IFERROR(G52*20/E52,"") | I52: =IF(B52="BLANK",H52,IFERROR(AVERAGE(H49:H51),"")) | K52: =IF(OR(B52<>"SPIKED",J52=""),"",IFERROR((H52-I52)/J52*100,"")) | L52: =IFERROR(AVERAGE(K52:K63),"") | M52: =IFERROR(STDEV(K52:K63)/L52*100,"")
A53: IMP-04 | B53: SPIKED | C53: LOQ | D53: 2 | H53: =IFERROR(G53*20/E53,"") | I53: =IF(B53="BLANK",H53,IFERROR(AVERAGE(H49:H51),"")) | K53: =IF(OR(B53<>"SPIKED",J53=""),"",IFERROR((H53-I53)/J53*100,"")) | L53: =IFERROR(AVERAGE(K52:K63),"") | M53: =IFERROR(STDEV(K52:K63)/L53*100,"")
A54: IMP-04 | B54: SPIKED | C54: LOQ | D54: 3 | H54: =IFERROR(G54*20/E54,"") | I54: =IF(B54="BLANK",H54,IFERROR(AVERAGE(H49:H51),"")) | K54: =IF(OR(B54<>"SPIKED",J54=""),"",IFERROR((H54-I54)/J54*100,"")) | L54: =IFERROR(AVERAGE(K52:K63),"") | M54: =IFERROR(STDEV(K52:K63)/L54*100,"")
A55: IMP-04 | B55: SPIKED | C55: 50% | D55: 1 | H55: =IFERROR(G55*20/E55,"") | I55: =IF(B55="BLANK",H55,IFERROR(AVERAGE(H49:H51),"")) | K55: =IF(OR(B55<>"SPIKED",J55=""),"",IFERROR((H55-I55)/J55*100,"")) | L55: =IFERROR(AVERAGE(K52:K63),"") | M55: =IFERROR(STDEV(K52:K63)/L55*100,"")
A56: IMP-04 | B56: SPIKED | C56: 50% | D56: 2 | H56: =IFERROR(G56*20/E56,"") | I56: =IF(B56="BLANK",H56,IFERROR(AVERAGE(H49:H51),"")) | K56: =IF(OR(B56<>"SPIKED",J56=""),"",IFERROR((H56-I56)/J56*100,"")) | L56: =IFERROR(AVERAGE(K52:K63),"") | M56: =IFERROR(STDEV(K52:K63)/L56*100,"")
A57: IMP-04 | B57: SPIKED | C57: 50% | D57: 3 | H57: =IFERROR(G57*20/E57,"") | I57: =IF(B57="BLANK",H57,IFERROR(AVERAGE(H49:H51),"")) | K57: =IF(OR(B57<>"SPIKED",J57=""),"",IFERROR((H57-I57)/J57*100,"")) | L57: =IFERROR(AVERAGE(K52:K63),"") | M57: =IFERROR(STDEV(K52:K63)/L57*100,"")
A58: IMP-04 | B58: SPIKED | C58: 100% | D58: 1 | H58: =IFERROR(G58*20/E58,"") | I58: =IF(B58="BLANK",H58,IFERROR(AVERAGE(H49:H51),"")) | K58: =IF(OR(B58<>"SPIKED",J58=""),"",IFERROR((H58-I58)/J58*100,"")) | L58: =IFERROR(AVERAGE(K52:K63),"") | M58: =IFERROR(STDEV(K52:K63)/L58*100,"")
A59: IMP-04 | B59: SPIKED | C59: 100% | D59: 2 | H59: =IFERROR(G59*20/E59,"") | I59: =IF(B59="BLANK",H59,IFERROR(AVERAGE(H49:H51),"")) | K59: =IF(OR(B59<>"SPIKED",J59=""),"",IFERROR((H59-I59)/J59*100,"")) | L59: =IFERROR(AVERAGE(K52:K63),"") | M59: =IFERROR(STDEV(K52:K63)/L59*100,"")
A60: IMP-04 | B60: SPIKED | C60: 100% | D60: 3 | H60: =IFERROR(G60*20/E60,"") | I60: =IF(B60="BLANK",H60,IFERROR(AVERAGE(H49:H51),"")) | K60: =IF(OR(B60<>"SPIKED",J60=""),"",IFERROR((H60-I60)/J60*100,"")) | L60: =IFERROR(AVERAGE(K52:K63),"") | M60: =IFERROR(STDEV(K52:K63)/L60*100,"")
A61: IMP-04 | B61: SPIKED | C61: 150% | D61: 1 | H61: =IFERROR(G61*20/E61,"") | I61: =IF(B61="BLANK",H61,IFERROR(AVERAGE(H49:H51),"")) | K61: =IF(OR(B61<>"SPIKED",J61=""),"",IFERROR((H61-I61)/J61*100,"")) | L61: =IFERROR(AVERAGE(K52:K63),"") | M61: =IFERROR(STDEV(K52:K63)/L61*100,"")
A62: IMP-04 | B62: SPIKED | C62: 150% | D62: 2 | H62: =IFERROR(G62*20/E62,"") | I62: =IF(B62="BLANK",H62,IFERROR(AVERAGE(H49:H51),"")) | K62: =IF(OR(B62<>"SPIKED",J62=""),"",IFERROR((H62-I62)/J62*100,"")) | L62: =IFERROR(AVERAGE(K52:K63),"") | M62: =IFERROR(STDEV(K52:K63)/L62*100,"")
A63: IMP-04 | B63: SPIKED | C63: 150% | D63: 3 | H63: =IFERROR(G63*20/E63,"") | I63: =IF(B63="BLANK",H63,IFERROR(AVERAGE(H49:H51),"")) | K63: =IF(OR(B63<>"SPIKED",J63=""),"",IFERROR((H63-I63)/J63*100,"")) | L63: =IFERROR(AVERAGE(K52:K63),"") | M63: =IFERROR(STDEV(K52:K63)/L63*100,"")
A64: IMP-05 | B64: BLANK | D64: 1 | H64: =IFERROR(G64*20/E64,"") | I64: =IF(B64="BLANK",H64,IFERROR(AVERAGE(H64:H66),"")) | K64: =IF(OR(B64<>"SPIKED",J64=""),"",IFERROR((H64-I64)/J64*100,"")) | L64: =IFERROR(AVERAGE(K67:K78),"") | M64: =IFERROR(STDEV(K67:K78)/L64*100,"")
A65: IMP-05 | B65: BLANK | D65: 2 | H65: =IFERROR(G65*20/E65,"") | I65: =IF(B65="BLANK",H65,IFERROR(AVERAGE(H64:H66),"")) | K65: =IF(OR(B65<>"SPIKED",J65=""),"",IFERROR((H65-I65)/J65*100,"")) | L65: =IFERROR(AVERAGE(K67:K78),"") | M65: =IFERROR(STDEV(K67:K78)/L65*100,"")
A66: IMP-05 | B66: BLANK | D66: 3 | H66: =IFERROR(G66*20/E66,"") | I66: =IF(B66="BLANK",H66,IFERROR(AVERAGE(H64:H66),"")) | K66: =IF(OR(B66<>"SPIKED",J66=""),"",IFERROR((H66-I66)/J66*100,"")) | L66: =IFERROR(AVERAGE(K67:K78),"") | M66: =IFERROR(STDEV(K67:K78)/L66*100,"")
A67: IMP-05 | B67: SPIKED | C67: LOQ | D67: 1 | H67: =IFERROR(G67*20/E67,"") | I67: =IF(B67="BLANK",H67,IFERROR(AVERAGE(H64:H66),"")) | K67: =IF(OR(B67<>"SPIKED",J67=""),"",IFERROR((H67-I67)/J67*100,"")) | L67: =IFERROR(AVERAGE(K67:K78),"") | M67: =IFERROR(STDEV(K67:K78)/L67*100,"")
A68: IMP-05 | B68: SPIKED | C68: LOQ | D68: 2 | H68: =IFERROR(G68*20/E68,"") | I68: =IF(B68="BLANK",H68,IFERROR(AVERAGE(H64:H66),"")) | K68: =IF(OR(B68<>"SPIKED",J68=""),"",IFERROR((H68-I68)/J68*100,"")) | L68: =IFERROR(AVERAGE(K67:K78),"") | M68: =IFERROR(STDEV(K67:K78)/L68*100,"")
A69: IMP-05 | B69: SPIKED | C69: LOQ | D69: 3 | H69: =IFERROR(G69*20/E69,"") | I69: =IF(B69="BLANK",H69,IFERROR(AVERAGE(H64:H66),"")) | K69: =IF(OR(B69<>"SPIKED",J69=""),"",IFERROR((H69-I69)/J69*100,"")) | L69: =IFERROR(AVERAGE(K67:K78),"") | M69: =IFERROR(STDEV(K67:K78)/L69*100,"")
A70: IMP-05 | B70: SPIKED | C70: 50% | D70: 1 | H70: =IFERROR(G70*20/E70,"") | I70: =IF(B70="BLANK",H70,IFERROR(AVERAGE(H64:H66),"")) | K70: =IF(OR(B70<>"SPIKED",J70=""),"",IFERROR((H70-I70)/J70*100,"")) | L70: =IFERROR(AVERAGE(K67:K78),"") | M70: =IFERROR(STDEV(K67:K78)/L70*100,"")
A71: IMP-05 | B71: SPIKED | C71: 50% | D71: 2 | H71: =IFERROR(G71*20/E71,"") | I71: =IF(B71="BLANK",H71,IFERROR(AVERAGE(H64:H66),"")) | K71: =IF(OR(B71<>"SPIKED",J71=""),"",IFERROR((H71-I71)/J71*100,"")) | L71: =IFERROR(AVERAGE(K67:K78),"") | M71: =IFERROR(STDEV(K67:K78)/L71*100,"")
A72: IMP-05 | B72: SPIKED | C72: 50% | D72: 3 | H72: =IFERROR(G72*20/E72,"") | I72: =IF(B72="BLANK",H72,IFERROR(AVERAGE(H64:H66),"")) | K72: =IF(OR(B72<>"SPIKED",J72=""),"",IFERROR((H72-I72)/J72*100,"")) | L72: =IFERROR(AVERAGE(K67:K78),"") | M72: =IFERROR(STDEV(K67:K78)/L72*100,"")
A73: IMP-05 | B73: SPIKED | C73: 100% | D73: 1 | H73: =IFERROR(G73*20/E73,"") | I73: =IF(B73="BLANK",H73,IFERROR(AVERAGE(H64:H66),"")) | K73: =IF(OR(B73<>"SPIKED",J73=""),"",IFERROR((H73-I73)/J73*100,"")) | L73: =IFERROR(AVERAGE(K67:K78),"") | M73: =IFERROR(STDEV(K67:K78)/L73*100,"")
A74: IMP-05 | B74: SPIKED | C74: 100% | D74: 2 | H74: =IFERROR(G74*20/E74,"") | I74: =IF(B74="BLANK",H74,IFERROR(AVERAGE(H64:H66),"")) | K74: =IF(OR(B74<>"SPIKED",J74=""),"",IFERROR((H74-I74)/J74*100,"")) | L74: =IFERROR(AVERAGE(K67:K78),"") | M74: =IFERROR(STDEV(K67:K78)/L74*100,"")
A75: IMP-05 | B75: SPIKED | C75: 100% | D75: 3 | H75: =IFERROR(G75*20/E75,"") | I75: =IF(B75="BLANK",H75,IFERROR(AVERAGE(H64:H66),"")) | K75: =IF(OR(B75<>"SPIKED",J75=""),"",IFERROR((H75-I75)/J75*100,"")) | L75: =IFERROR(AVERAGE(K67:K78),"") | M75: =IFERROR(STDEV(K67:K78)/L75*100,"")
A76: IMP-05 | B76: SPIKED | C76: 150% | D76: 1 | H76: =IFERROR(G76*20/E76,"") | I76: =IF(B76="BLANK",H76,IFERROR(AVERAGE(H64:H66),"")) | K76: =IF(OR(B76<>"SPIKED",J76=""),"",IFERROR((H76-I76)/J76*100,"")) | L76: =IFERROR(AVERAGE(K67:K78),"") | M76: =IFERROR(STDEV(K67:K78)/L76*100,"")
A77: IMP-05 | B77: SPIKED | C77: 150% | D77: 2 | H77: =IFERROR(G77*20/E77,"") | I77: =IF(B77="BLANK",H77,IFERROR(AVERAGE(H64:H66),"")) | K77: =IF(OR(B77<>"SPIKED",J77=""),"",IFERROR((H77-I77)/J77*100,"")) | L77: =IFERROR(AVERAGE(K67:K78),"") | M77: =IFERROR(STDEV(K67:K78)/L77*100,"")
A78: IMP-05 | B78: SPIKED | C78: 150% | D78: 3 | H78: =IFERROR(G78*20/E78,"") | I78: =IF(B78="BLANK",H78,IFERROR(AVERAGE(H64:H66),"")) | K78: =IF(OR(B78<>"SPIKED",J78=""),"",IFERROR((H78-I78)/J78*100,"")) | L78: =IFERROR(AVERAGE(K67:K78),"") | M78: =IFERROR(STDEV(K67:K78)/L78*100,"")
A79: IMP-06 | B79: BLANK | D79: 1 | H79: =IFERROR(G79*20/E79,"") | I79: =IF(B79="BLANK",H79,IFERROR(AVERAGE(H79:H81),"")) | K79: =IF(OR(B79<>"SPIKED",J79=""),"",IFERROR((H79-I79)/J79*100,"")) | L79: =IFERROR(AVERAGE(K82:K93),"") | M79: =IFERROR(STDEV(K82:K93)/L79*100,"")
A80: IMP-06 | B80: BLANK | D80: 2 | H80: =IFERROR(G80*20/E80,"") | I80: =IF(B80="BLANK",H80,IFERROR(AVERAGE(H79:H81),"")) | K80: =IF(OR(B80<>"SPIKED",J80=""),"",IFERROR((H80-I80)/J80*100,"")) | L80: =IFERROR(AVERAGE(K82:K93),"") | M80: =IFERROR(STDEV(K82:K93)/L80*100,"")
A81: IMP-06 | B81: BLANK | D81: 3 | H81: =IFERROR(G81*20/E81,"") | I81: =IF(B81="BLANK",H81,IFERROR(AVERAGE(H79:H81),"")) | K81: =IF(OR(B81<>"SPIKED",J81=""),"",IFERROR((H81-I81)/J81*100,"")) | L81: =IFERROR(AVERAGE(K82:K93),"") | M81: =IFERROR(STDEV(K82:K93)/L81*100,"")
A82: IMP-06 | B82: SPIKED | C82: LOQ | D82: 1 | H82: =IFERROR(G82*20/E82,"") | I82: =IF(B82="BLANK",H82,IFERROR(AVERAGE(H79:H81),"")) | K82: =IF(OR(B82<>"SPIKED",J82=""),"",IFERROR((H82-I82)/J82*100,"")) | L82: =IFERROR(AVERAGE(K82:K93),"") | M82: =IFERROR(STDEV(K82:K93)/L82*100,"")
A83: IMP-06 | B83: SPIKED | C83: LOQ | D83: 2 | H83: =IFERROR(G83*20/E83,"") | I83: =IF(B83="BLANK",H83,IFERROR(AVERAGE(H79:H81),"")) | K83: =IF(OR(B83<>"SPIKED",J83=""),"",IFERROR((H83-I83)/J83*100,"")) | L83: =IFERROR(AVERAGE(K82:K93),"") | M83: =IFERROR(STDEV(K82:K93)/L83*100,"")
A84: IMP-06 | B84: SPIKED | C84: LOQ | D84: 3 | H84: =IFERROR(G84*20/E84,"") | I84: =IF(B84="BLANK",H84,IFERROR(AVERAGE(H79:H81),"")) | K84: =IF(OR(B84<>"SPIKED",J84=""),"",IFERROR((H84-I84)/J84*100,"")) | L84: =IFERROR(AVERAGE(K82:K93),"") | M84: =IFERROR(STDEV(K82:K93)/L84*100,"")
A85: IMP-06 | B85: SPIKED | C85: 50% | D85: 1 | H85: =IFERROR(G85*20/E85,"") | I85: =IF(B85="BLANK",H85,IFERROR(AVERAGE(H79:H81),"")) | K85: =IF(OR(B85<>"SPIKED",J85=""),"",IFERROR((H85-I85)/J85*100,"")) | L85: =IFERROR(AVERAGE(K82:K93),"") | M85: =IFERROR(STDEV(K82:K93)/L85*100,"")
A86: IMP-06 | B86: SPIKED | C86: 50% | D86: 2 | H86: =IFERROR(G86*20/E86,"") | I86: =IF(B86="BLANK",H86,IFERROR(AVERAGE(H79:H81),"")) | K86: =IF(OR(B86<>"SPIKED",J86=""),"",IFERROR((H86-I86)/J86*100,"")) | L86: =IFERROR(AVERAGE(K82:K93),"") | M86: =IFERROR(STDEV(K82:K93)/L86*100,"")
A87: IMP-06 | B87: SPIKED | C87: 50% | D87: 3 | H87: =IFERROR(G87*20/E87,"") | I87: =IF(B87="BLANK",H87,IFERROR(AVERAGE(H79:H81),"")) | K87: =IF(OR(B87<>"SPIKED",J87=""),"",IFERROR((H87-I87)/J87*100,"")) | L87: =IFERROR(AVERAGE(K82:K93),"") | M87: =IFERROR(STDEV(K82:K93)/L87*100,"")
A88: IMP-06 | B88: SPIKED | C88: 100% | D88: 1 | H88: =IFERROR(G88*20/E88,"") | I88: =IF(B88="BLANK",H88,IFERROR(AVERAGE(H79:H81),"")) | K88: =IF(OR(B88<>"SPIKED",J88=""),"",IFERROR((H88-I88)/J88*100,"")) | L88: =IFERROR(AVERAGE(K82:K93),"") | M88: =IFERROR(STDEV(K82:K93)/L88*100,"")
A89: IMP-06 | B89: SPIKED | C89: 100% | D89: 2 | H89: =IFERROR(G89*20/E89,"") | I89: =IF(B89="BLANK",H89,IFERROR(AVERAGE(H79:H81),"")) | K89: =IF(OR(B89<>"SPIKED",J89=""),"",IFERROR((H89-I89)/J89*100,"")) | L89: =IFERROR(AVERAGE(K82:K93),"") | M89: =IFERROR(STDEV(K82:K93)/L89*100,"")
A90: IMP-06 | B90: SPIKED | C90: 100% | D90: 3 | H90: =IFERROR(G90*20/E90,"") | I90: =IF(B90="BLANK",H90,IFERROR(AVERAGE(H79:H81),"")) | K90: =IF(OR(B90<>"SPIKED",J90=""),"",IFERROR((H90-I90)/J90*100,"")) | L90: =IFERROR(AVERAGE(K82:K93),"") | M90: =IFERROR(STDEV(K82:K93)/L90*100,"")
A91: IMP-06 | B91: SPIKED | C91: 150% | D91: 1 | H91: =IFERROR(G91*20/E91,"") | I91: =IF(B91="BLANK",H91,IFERROR(AVERAGE(H79:H81),"")) | K91: =IF(OR(B91<>"SPIKED",J91=""),"",IFERROR((H91-I91)/J91*100,"")) | L91: =IFERROR(AVERAGE(K82:K93),"") | M91: =IFERROR(STDEV(K82:K93)/L91*100,"")
A92: IMP-06 | B92: SPIKED | C92: 150% | D92: 2 | H92: =IFERROR(G92*20/E92,"") | I92: =IF(B92="BLANK",H92,IFERROR(AVERAGE(H79:H81),"")) | K92: =IF(OR(B92<>"SPIKED",J92=""),"",IFERROR((H92-I92)/J92*100,"")) | L92: =IFERROR(AVERAGE(K82:K93),"") | M92: =IFERROR(STDEV(K82:K93)/L92*100,"")
A93: IMP-06 | B93: SPIKED | C93: 150% | D93: 3 | H93: =IFERROR(G93*20/E93,"") | I93: =IF(B93="BLANK",H93,IFERROR(AVERAGE(H79:H81),"")) | K93: =IF(OR(B93<>"SPIKED",J93=""),"",IFERROR((H93-I93)/J93*100,"")) | L93: =IFERROR(AVERAGE(K82:K93),"") | M93: =IFERROR(STDEV(K82:K93)/L93*100,"")
A94: IMP-07 | B94: BLANK | D94: 1 | H94: =IFERROR(G94*20/E94,"") | I94: =IF(B94="BLANK",H94,IFERROR(AVERAGE(H94:H96),"")) | K94: =IF(OR(B94<>"SPIKED",J94=""),"",IFERROR((H94-I94)/J94*100,"")) | L94: =IFERROR(AVERAGE(K97:K108),"") | M94: =IFERROR(STDEV(K97:K108)/L94*100,"")
A95: IMP-07 | B95: BLANK | D95: 2 | H95: =IFERROR(G95*20/E95,"") | I95: =IF(B95="BLANK",H95,IFERROR(AVERAGE(H94:H96),"")) | K95: =IF(OR(B95<>"SPIKED",J95=""),"",IFERROR((H95-I95)/J95*100,"")) | L95: =IFERROR(AVERAGE(K97:K108),"") | M95: =IFERROR(STDEV(K97:K108)/L95*100,"")
A96: IMP-07 | B96: BLANK | D96: 3 | H96: =IFERROR(G96*20/E96,"") | I96: =IF(B96="BLANK",H96,IFERROR(AVERAGE(H94:H96),"")) | K96: =IF(OR(B96<>"SPIKED",J96=""),"",IFERROR((H96-I96)/J96*100,"")) | L96: =IFERROR(AVERAGE(K97:K108),"") | M96: =IFERROR(STDEV(K97:K108)/L96*100,"")
A97: IMP-07 | B97: SPIKED | C97: LOQ | D97: 1 | H97: =IFERROR(G97*20/E97,"") | I97: =IF(B97="BLANK",H97,IFERROR(AVERAGE(H94:H96),"")) | K97: =IF(OR(B97<>"SPIKED",J97=""),"",IFERROR((H97-I97)/J97*100,"")) | L97: =IFERROR(AVERAGE(K97:K108),"") | M97: =IFERROR(STDEV(K97:K108)/L97*100,"")
A98: IMP-07 | B98: SPIKED | C98: LOQ | D98: 2 | H98: =IFERROR(G98*20/E98,"") | I98: =IF(B98="BLANK",H98,IFERROR(AVERAGE(H94:H96),"")) | K98: =IF(OR(B98<>"SPIKED",J98=""),"",IFERROR((H98-I98)/J98*100,"")) | L98: =IFERROR(AVERAGE(K97:K108),"") | M98: =IFERROR(STDEV(K97:K108)/L98*100,"")
A99: IMP-07 | B99: SPIKED | C99: LOQ | D99: 3 | H99: =IFERROR(G99*20/E99,"") | I99: =IF(B99="BLANK",H99,IFERROR(AVERAGE(H94:H96),"")) | K99: =IF(OR(B99<>"SPIKED",J99=""),"",IFERROR((H99-I99)/J99*100,"")) | L99: =IFERROR(AVERAGE(K97:K108),"") | M99: =IFERROR(STDEV(K97:K108)/L99*100,"")
A100: IMP-07 | B100: SPIKED | C100: 50% | D100: 1 | H100: =IFERROR(G100*20/E100,"") | I100: =IF(B100="BLANK",H100,IFERROR(AVERAGE(H94:H96),"")) | K100: =IF(OR(B100<>"SPIKED",J100=""),"",IFERROR((H100-I100)/J100*100,"")) | L100: =IFERROR(AVERAGE(K97:K108),"") | M100: =IFERROR(STDEV(K97:K108)/L100*100,"")
...

Sheet 溶液稳定性结果
A1: 溶液稳定性结果
A2: impurity_id | B2: time_point | C2: reference_concentration | D2: reference_ratio | E2: spiked_concentration | F2: spiked_ratio
A3: 杂质编号 | B3: 时间点（h） | C3: 对照品溶液浓度 | D3: 对照品与0h比值（%） | E3: 加标供试品溶液浓度 | F3: 加标与0h比值（%）
A4: IMP-01 | D4: =IFERROR(C4/C4*100,"") | F4: =IFERROR(E4/E4*100,"")
A5: IMP-01 | D5: =IFERROR(C5/C4*100,"") | F5: =IFERROR(E5/E4*100,"")
A6: IMP-01 | D6: =IFERROR(C6/C4*100,"") | F6: =IFERROR(E6/E4*100,"")
A7: IMP-01 | D7: =IFERROR(C7/C4*100,"") | F7: =IFERROR(E7/E4*100,"")
A8: IMP-01 | D8: =IFERROR(C8/C4*100,"") | F8: =IFERROR(E8/E4*100,"")
A9: IMP-01 | D9: =IFERROR(C9/C4*100,"") | F9: =IFERROR(E9/E4*100,"")
A10: IMP-01 | D10: =IFERROR(C10/C4*100,"") | F10: =IFERROR(E10/E4*100,"")
A11: IMP-01 | D11: =IFERROR(C11/C4*100,"") | F11: =IFERROR(E11/E4*100,"")
A12: IMP-01 | D12: =IFERROR(C12/C4*100,"") | F12: =IFERROR(E12/E4*100,"")
A13: IMP-01 | D13: =IFERROR(C13/C4*100,"") | F13: =IFERROR(E13/E4*100,"")
A14: IMP-02 | D14: =IFERROR(C14/C14*100,"") | F14: =IFERROR(E14/E14*100,"")
A15: IMP-02 | D15: =IFERROR(C15/C14*100,"") | F15: =IFERROR(E15/E14*100,"")
A16: IMP-02 | D16: =IFERROR(C16/C14*100,"") | F16: =IFERROR(E16/E14*100,"")
A17: IMP-02 | D17: =IFERROR(C17/C14*100,"") | F17: =IFERROR(E17/E14*100,"")
A18: IMP-02 | D18: =IFERROR(C18/C14*100,"") | F18: =IFERROR(E18/E14*100,"")
A19: IMP-02 | D19: =IFERROR(C19/C14*100,"") | F19: =IFERROR(E19/E14*100,"")
A20: IMP-02 | D20: =IFERROR(C20/C14*100,"") | F20: =IFERROR(E20/E14*100,"")
A21: IMP-02 | D21: =IFERROR(C21/C14*100,"") | F21: =IFERROR(E21/E14*100,"")
A22: IMP-02 | D22: =IFERROR(C22/C14*100,"") | F22: =IFERROR(E22/E14*100,"")
A23: IMP-02 | D23: =IFERROR(C23/C14*100,"") | F23: =IFERROR(E23/E14*100,"")
A24: IMP-03 | D24: =IFERROR(C24/C24*100,"") | F24: =IFERROR(E24/E24*100,"")
A25: IMP-03 | D25: =IFERROR(C25/C24*100,"") | F25: =IFERROR(E25/E24*100,"")
A26: IMP-03 | D26: =IFERROR(C26/C24*100,"") | F26: =IFERROR(E26/E24*100,"")
A27: IMP-03 | D27: =IFERROR(C27/C24*100,"") | F27: =IFERROR(E27/E24*100,"")
A28: IMP-03 | D28: =IFERROR(C28/C24*100,"") | F28: =IFERROR(E28/E24*100,"")
A29: IMP-03 | D29: =IFERROR(C29/C24*100,"") | F29: =IFERROR(E29/E24*100,"")
A30: IMP-03 | D30: =IFERROR(C30/C24*100,"") | F30: =IFERROR(E30/E24*100,"")
A31: IMP-03 | D31: =IFERROR(C31/C24*100,"") | F31: =IFERROR(E31/E24*100,"")
A32: IMP-03 | D32: =IFERROR(C32/C24*100,"") | F32: =IFERROR(E32/E24*100,"")
A33: IMP-03 | D33: =IFERROR(C33/C24*100,"") | F33: =IFERROR(E33/E24*100,"")
A34: IMP-04 | D34: =IFERROR(C34/C34*100,"") | F34: =IFERROR(E34/E34*100,"")
A35: IMP-04 | D35: =IFERROR(C35/C34*100,"") | F35: =IFERROR(E35/E34*100,"")
A36: IMP-04 | D36: =IFERROR(C36/C34*100,"") | F36: =IFERROR(E36/E34*100,"")
A37: IMP-04 | D37: =IFERROR(C37/C34*100,"") | F37: =IFERROR(E37/E34*100,"")
A38: IMP-04 | D38: =IFERROR(C38/C34*100,"") | F38: =IFERROR(E38/E34*100,"")
A39: IMP-04 | D39: =IFERROR(C39/C34*100,"") | F39: =IFERROR(E39/E34*100,"")
A40: IMP-04 | D40: =IFERROR(C40/C34*100,"") | F40: =IFERROR(E40/E34*100,"")
A41: IMP-04 | D41: =IFERROR(C41/C34*100,"") | F41: =IFERROR(E41/E34*100,"")
A42: IMP-04 | D42: =IFERROR(C42/C34*100,"") | F42: =IFERROR(E42/E34*100,"")
A43: IMP-04 | D43: =IFERROR(C43/C34*100,"") | F43: =IFERROR(E43/E34*100,"")
A44: IMP-05 | D44: =IFERROR(C44/C44*100,"") | F44: =IFERROR(E44/E44*100,"")
A45: IMP-05 | D45: =IFERROR(C45/C44*100,"") | F45: =IFERROR(E45/E44*100,"")
A46: IMP-05 | D46: =IFERROR(C46/C44*100,"") | F46: =IFERROR(E46/E44*100,"")
A47: IMP-05 | D47: =IFERROR(C47/C44*100,"") | F47: =IFERROR(E47/E44*100,"")
A48: IMP-05 | D48: =IFERROR(C48/C44*100,"") | F48: =IFERROR(E48/E44*100,"")
A49: IMP-05 | D49: =IFERROR(C49/C44*100,"") | F49: =IFERROR(E49/E44*100,"")
A50: IMP-05 | D50: =IFERROR(C50/C44*100,"") | F50: =IFERROR(E50/E44*100,"")
A51: IMP-05 | D51: =IFERROR(C51/C44*100,"") | F51: =IFERROR(E51/E44*100,"")
A52: IMP-05 | D52: =IFERROR(C52/C44*100,"") | F52: =IFERROR(E52/E44*100,"")
A53: IMP-05 | D53: =IFERROR(C53/C44*100,"") | F53: =IFERROR(E53/E44*100,"")
A54: IMP-06 | D54: =IFERROR(C54/C54*100,"") | F54: =IFERROR(E54/E54*100,"")
A55: IMP-06 | D55: =IFERROR(C55/C54*100,"") | F55: =IFERROR(E55/E54*100,"")
A56: IMP-06 | D56: =IFERROR(C56/C54*100,"") | F56: =IFERROR(E56/E54*100,"")
A57: IMP-06 | D57: =IFERROR(C57/C54*100,"") | F57: =IFERROR(E57/E54*100,"")
A58: IMP-06 | D58: =IFERROR(C58/C54*100,"") | F58: =IFERROR(E58/E54*100,"")
A59: IMP-06 | D59: =IFERROR(C59/C54*100,"") | F59: =IFERROR(E59/E54*100,"")
A60: IMP-06 | D60: =IFERROR(C60/C54*100,"") | F60: =IFERROR(E60/E54*100,"")
A61: IMP-06 | D61: =IFERROR(C61/C54*100,"") | F61: =IFERROR(E61/E54*100,"")
A62: IMP-06 | D62: =IFERROR(C62/C54*100,"") | F62: =IFERROR(E62/E54*100,"")
A63: IMP-06 | D63: =IFERROR(C63/C54*100,"") | F63: =IFERROR(E63/E54*100,"")
A64: IMP-07 | D64: =IFERROR(C64/C64*100,"") | F64: =IFERROR(E64/E64*100,"")
A65: IMP-07 | D65: =IFERROR(C65/C64*100,"") | F65: =IFERROR(E65/E64*100,"")
A66: IMP-07 | D66: =IFERROR(C66/C64*100,"") | F66: =IFERROR(E66/E64*100,"")
A67: IMP-07 | D67: =IFERROR(C67/C64*100,"") | F67: =IFERROR(E67/E64*100,"")
A68: IMP-07 | D68: =IFERROR(C68/C64*100,"") | F68: =IFERROR(E68/E64*100,"")
A69: IMP-07 | D69: =IFERROR(C69/C64*100,"") | F69: =IFERROR(E69/E64*100,"")
A70: IMP-07 | D70: =IFERROR(C70/C64*100,"") | F70: =IFERROR(E70/E64*100,"")
A71: IMP-07 | D71: =IFERROR(C71/C64*100,"") | F71: =IFERROR(E71/E64*100,"")
A72: IMP-07 | D72: =IFERROR(C72/C64*100,"") | F72: =IFERROR(E72/E64*100,"")
A73: IMP-07 | D73: =IFERROR(C73/C64*100,"") | F73: =IFERROR(E73/E64*100,"")
A74: IMP-08 | D74: =IFERROR(C74/C74*100,"") | F74: =IFERROR(E74/E74*100,"")
A75: IMP-08 | D75: =IFERROR(C75/C74*100,"") | F75: =IFERROR(E75/E74*100,"")
A76: IMP-08 | D76: =IFERROR(C76/C74*100,"") | F76: =IFERROR(E76/E74*100,"")
A77: IMP-08 | D77: =IFERROR(C77/C74*100,"") | F77: =IFERROR(E77/E74*100,"")
A78: IMP-08 | D78: =IFERROR(C78/C74*100,"") | F78: =IFERROR(E78/E74*100,"")
A79: IMP-08 | D79: =IFERROR(C79/C74*100,"") | F79: =IFERROR(E79/E74*100,"")
A80: IMP-08 | D80: =IFERROR(C80/C74*100,"") | F80: =IFERROR(E80/E74*100,"")
A81: IMP-08 | D81: =IFERROR(C81/C74*100,"") | F81: =IFERROR(E81/E74*100,"")
A82: IMP-08 | D82: =IFERROR(C82/C74*100,"") | F82: =IFERROR(E82/E74*100,"")
A83: IMP-08 | D83: =IFERROR(C83/C74*100,"") | F83: =IFERROR(E83/E74*100,"")
A84: IMP-09 | D84: =IFERROR(C84/C84*100,"") | F84: =IFERROR(E84/E84*100,"")
A85: IMP-09 | D85: =IFERROR(C85/C84*100,"") | F85: =IFERROR(E85/E84*100,"")
A86: IMP-09 | D86: =IFERROR(C86/C84*100,"") | F86: =IFERROR(E86/E84*100,"")
A87: IMP-09 | D87: =IFERROR(C87/C84*100,"") | F87: =IFERROR(E87/E84*100,"")
A88: IMP-09 | D88: =IFERROR(C88/C84*100,"") | F88: =IFERROR(E88/E84*100,"")
A89: IMP-09 | D89: =IFERROR(C89/C84*100,"") | F89: =IFERROR(E89/E84*100,"")
A90: IMP-09 | D90: =IFERROR(C90/C84*100,"") | F90: =IFERROR(E90/E84*100,"")
A91: IMP-09 | D91: =IFERROR(C91/C84*100,"") | F91: =IFERROR(E91/E84*100,"")
A92: IMP-09 | D92: =IFERROR(C92/C84*100,"") | F92: =IFERROR(E92/E84*100,"")
A93: IMP-09 | D93: =IFERROR(C93/C84*100,"") | F93: =IFERROR(E93/E84*100,"")
A94: IMP-10 | D94: =IFERROR(C94/C94*100,"") | F94: =IFERROR(E94/E94*100,"")
A95: IMP-10 | D95: =IFERROR(C95/C94*100,"") | F95: =IFERROR(E95/E94*100,"")
A96: IMP-10 | D96: =IFERROR(C96/C94*100,"") | F96: =IFERROR(E96/E94*100,"")
A97: IMP-10 | D97: =IFERROR(C97/C94*100,"") | F97: =IFERROR(E97/E94*100,"")
A98: IMP-10 | D98: =IFERROR(C98/C94*100,"") | F98: =IFERROR(E98/E94*100,"")
A99: IMP-10 | D99: =IFERROR(C99/C94*100,"") | F99: =IFERROR(E99/E94*100,"")
A100: IMP-10 | D100: =IFERROR(C100/C94*100,"") | F100: =IFERROR(E100/E94*100,"")
...

Sheet 耐用性结果
A1: 耐用性结果
A2: impurity_id | B2: column_no | C2: solution_name | D2: level | E2: actual_concentration | F2: peak_area | G2: spiked_measured_concentration | H2: slope | I2: intercept | J2: correlation_coefficient | K2: column_concentration_ratio
A3: 杂质编号 | B3: 色谱柱编号 | C3: 溶液名称 | D3: 浓度级别 | E3: 实际浓度 | F3: 峰面积 | G3: 加标溶液测得浓度 | H3: 线性斜率 | I3: 线性截距 | J3: 线性相关系数 | K3: 两柱浓度比值（%）
A4: IMP-01 | B4: COLUMN-1 | D4: C1 | H4: =IFERROR(SLOPE(F4:F8,E4:E8),"") | I4: =IFERROR(INTERCEPT(F4:F8,E4:E8),"") | J4: =IFERROR(CORREL(F4:F8,E4:E8),"") | K4: =IFERROR(G15/G9*100,"")
A5: IMP-01 | B5: COLUMN-1 | D5: C2 | H5: =IFERROR(SLOPE(F4:F8,E4:E8),"") | I5: =IFERROR(INTERCEPT(F4:F8,E4:E8),"") | J5: =IFERROR(CORREL(F4:F8,E4:E8),"") | K5: =IFERROR(G15/G9*100,"")
A6: IMP-01 | B6: COLUMN-1 | D6: C3 | H6: =IFERROR(SLOPE(F4:F8,E4:E8),"") | I6: =IFERROR(INTERCEPT(F4:F8,E4:E8),"") | J6: =IFERROR(CORREL(F4:F8,E4:E8),"") | K6: =IFERROR(G15/G9*100,"")
A7: IMP-01 | B7: COLUMN-1 | D7: C4 | H7: =IFERROR(SLOPE(F4:F8,E4:E8),"") | I7: =IFERROR(INTERCEPT(F4:F8,E4:E8),"") | J7: =IFERROR(CORREL(F4:F8,E4:E8),"") | K7: =IFERROR(G15/G9*100,"")
A8: IMP-01 | B8: COLUMN-1 | D8: C5 | H8: =IFERROR(SLOPE(F4:F8,E4:E8),"") | I8: =IFERROR(INTERCEPT(F4:F8,E4:E8),"") | J8: =IFERROR(CORREL(F4:F8,E4:E8),"") | K8: =IFERROR(G15/G9*100,"")
A9: IMP-01 | B9: COLUMN-1 | D9: SPIKED | H9: =IFERROR(SLOPE(F4:F8,E4:E8),"") | I9: =IFERROR(INTERCEPT(F4:F8,E4:E8),"") | J9: =IFERROR(CORREL(F4:F8,E4:E8),"") | K9: =IFERROR(G15/G9*100,"")
A10: IMP-01 | B10: COLUMN-2 | D10: C1 | H10: =IFERROR(SLOPE(F10:F14,E10:E14),"") | I10: =IFERROR(INTERCEPT(F10:F14,E10:E14),"") | J10: =IFERROR(CORREL(F10:F14,E10:E14),"") | K10: =IFERROR(G15/G9*100,"")
A11: IMP-01 | B11: COLUMN-2 | D11: C2 | H11: =IFERROR(SLOPE(F10:F14,E10:E14),"") | I11: =IFERROR(INTERCEPT(F10:F14,E10:E14),"") | J11: =IFERROR(CORREL(F10:F14,E10:E14),"") | K11: =IFERROR(G15/G9*100,"")
A12: IMP-01 | B12: COLUMN-2 | D12: C3 | H12: =IFERROR(SLOPE(F10:F14,E10:E14),"") | I12: =IFERROR(INTERCEPT(F10:F14,E10:E14),"") | J12: =IFERROR(CORREL(F10:F14,E10:E14),"") | K12: =IFERROR(G15/G9*100,"")
A13: IMP-01 | B13: COLUMN-2 | D13: C4 | H13: =IFERROR(SLOPE(F10:F14,E10:E14),"") | I13: =IFERROR(INTERCEPT(F10:F14,E10:E14),"") | J13: =IFERROR(CORREL(F10:F14,E10:E14),"") | K13: =IFERROR(G15/G9*100,"")
A14: IMP-01 | B14: COLUMN-2 | D14: C5 | H14: =IFERROR(SLOPE(F10:F14,E10:E14),"") | I14: =IFERROR(INTERCEPT(F10:F14,E10:E14),"") | J14: =IFERROR(CORREL(F10:F14,E10:E14),"") | K14: =IFERROR(G15/G9*100,"")
A15: IMP-01 | B15: COLUMN-2 | D15: SPIKED | H15: =IFERROR(SLOPE(F10:F14,E10:E14),"") | I15: =IFERROR(INTERCEPT(F10:F14,E10:E14),"") | J15: =IFERROR(CORREL(F10:F14,E10:E14),"") | K15: =IFERROR(G15/G9*100,"")
A16: IMP-02 | B16: COLUMN-1 | D16: C1 | H16: =IFERROR(SLOPE(F16:F20,E16:E20),"") | I16: =IFERROR(INTERCEPT(F16:F20,E16:E20),"") | J16: =IFERROR(CORREL(F16:F20,E16:E20),"") | K16: =IFERROR(G27/G21*100,"")
A17: IMP-02 | B17: COLUMN-1 | D17: C2 | H17: =IFERROR(SLOPE(F16:F20,E16:E20),"") | I17: =IFERROR(INTERCEPT(F16:F20,E16:E20),"") | J17: =IFERROR(CORREL(F16:F20,E16:E20),"") | K17: =IFERROR(G27/G21*100,"")
A18: IMP-02 | B18: COLUMN-1 | D18: C3 | H18: =IFERROR(SLOPE(F16:F20,E16:E20),"") | I18: =IFERROR(INTERCEPT(F16:F20,E16:E20),"") | J18: =IFERROR(CORREL(F16:F20,E16:E20),"") | K18: =IFERROR(G27/G21*100,"")
A19: IMP-02 | B19: COLUMN-1 | D19: C4 | H19: =IFERROR(SLOPE(F16:F20,E16:E20),"") | I19: =IFERROR(INTERCEPT(F16:F20,E16:E20),"") | J19: =IFERROR(CORREL(F16:F20,E16:E20),"") | K19: =IFERROR(G27/G21*100,"")
A20: IMP-02 | B20: COLUMN-1 | D20: C5 | H20: =IFERROR(SLOPE(F16:F20,E16:E20),"") | I20: =IFERROR(INTERCEPT(F16:F20,E16:E20),"") | J20: =IFERROR(CORREL(F16:F20,E16:E20),"") | K20: =IFERROR(G27/G21*100,"")
A21: IMP-02 | B21: COLUMN-1 | D21: SPIKED | H21: =IFERROR(SLOPE(F16:F20,E16:E20),"") | I21: =IFERROR(INTERCEPT(F16:F20,E16:E20),"") | J21: =IFERROR(CORREL(F16:F20,E16:E20),"") | K21: =IFERROR(G27/G21*100,"")
A22: IMP-02 | B22: COLUMN-2 | D22: C1 | H22: =IFERROR(SLOPE(F22:F26,E22:E26),"") | I22: =IFERROR(INTERCEPT(F22:F26,E22:E26),"") | J22: =IFERROR(CORREL(F22:F26,E22:E26),"") | K22: =IFERROR(G27/G21*100,"")
A23: IMP-02 | B23: COLUMN-2 | D23: C2 | H23: =IFERROR(SLOPE(F22:F26,E22:E26),"") | I23: =IFERROR(INTERCEPT(F22:F26,E22:E26),"") | J23: =IFERROR(CORREL(F22:F26,E22:E26),"") | K23: =IFERROR(G27/G21*100,"")
A24: IMP-02 | B24: COLUMN-2 | D24: C3 | H24: =IFERROR(SLOPE(F22:F26,E22:E26),"") | I24: =IFERROR(INTERCEPT(F22:F26,E22:E26),"") | J24: =IFERROR(CORREL(F22:F26,E22:E26),"") | K24: =IFERROR(G27/G21*100,"")
A25: IMP-02 | B25: COLUMN-2 | D25: C4 | H25: =IFERROR(SLOPE(F22:F26,E22:E26),"") | I25: =IFERROR(INTERCEPT(F22:F26,E22:E26),"") | J25: =IFERROR(CORREL(F22:F26,E22:E26),"") | K25: =IFERROR(G27/G21*100,"")
A26: IMP-02 | B26: COLUMN-2 | D26: C5 | H26: =IFERROR(SLOPE(F22:F26,E22:E26),"") | I26: =IFERROR(INTERCEPT(F22:F26,E22:E26),"") | J26: =IFERROR(CORREL(F22:F26,E22:E26),"") | K26: =IFERROR(G27/G21*100,"")
A27: IMP-02 | B27: COLUMN-2 | D27: SPIKED | H27: =IFERROR(SLOPE(F22:F26,E22:E26),"") | I27: =IFERROR(INTERCEPT(F22:F26,E22:E26),"") | J27: =IFERROR(CORREL(F22:F26,E22:E26),"") | K27: =IFERROR(G27/G21*100,"")
A28: IMP-03 | B28: COLUMN-1 | D28: C1 | H28: =IFERROR(SLOPE(F28:F32,E28:E32),"") | I28: =IFERROR(INTERCEPT(F28:F32,E28:E32),"") | J28: =IFERROR(CORREL(F28:F32,E28:E32),"") | K28: =IFERROR(G39/G33*100,"")
A29: IMP-03 | B29: COLUMN-1 | D29: C2 | H29: =IFERROR(SLOPE(F28:F32,E28:E32),"") | I29: =IFERROR(INTERCEPT(F28:F32,E28:E32),"") | J29: =IFERROR(CORREL(F28:F32,E28:E32),"") | K29: =IFERROR(G39/G33*100,"")
A30: IMP-03 | B30: COLUMN-1 | D30: C3 | H30: =IFERROR(SLOPE(F28:F32,E28:E32),"") | I30: =IFERROR(INTERCEPT(F28:F32,E28:E32),"") | J30: =IFERROR(CORREL(F28:F32,E28:E32),"") | K30: =IFERROR(G39/G33*100,"")
A31: IMP-03 | B31: COLUMN-1 | D31: C4 | H31: =IFERROR(SLOPE(F28:F32,E28:E32),"") | I31: =IFERROR(INTERCEPT(F28:F32,E28:E32),"") | J31: =IFERROR(CORREL(F28:F32,E28:E32),"") | K31: =IFERROR(G39/G33*100,"")
A32: IMP-03 | B32: COLUMN-1 | D32: C5 | H32: =IFERROR(SLOPE(F28:F32,E28:E32),"") | I32: =IFERROR(INTERCEPT(F28:F32,E28:E32),"") | J32: =IFERROR(CORREL(F28:F32,E28:E32),"") | K32: =IFERROR(G39/G33*100,"")
A33: IMP-03 | B33: COLUMN-1 | D33: SPIKED | H33: =IFERROR(SLOPE(F28:F32,E28:E32),"") | I33: =IFERROR(INTERCEPT(F28:F32,E28:E32),"") | J33: =IFERROR(CORREL(F28:F32,E28:E32),"") | K33: =IFERROR(G39/G33*100,"")
A34: IMP-03 | B34: COLUMN-2 | D34: C1 | H34: =IFERROR(SLOPE(F34:F38,E34:E38),"") | I34: =IFERROR(INTERCEPT(F34:F38,E34:E38),"") | J34: =IFERROR(CORREL(F34:F38,E34:E38),"") | K34: =IFERROR(G39/G33*100,"")
A35: IMP-03 | B35: COLUMN-2 | D35: C2 | H35: =IFERROR(SLOPE(F34:F38,E34:E38),"") | I35: =IFERROR(INTERCEPT(F34:F38,E34:E38),"") | J35: =IFERROR(CORREL(F34:F38,E34:E38),"") | K35: =IFERROR(G39/G33*100,"")
A36: IMP-03 | B36: COLUMN-2 | D36: C3 | H36: =IFERROR(SLOPE(F34:F38,E34:E38),"") | I36: =IFERROR(INTERCEPT(F34:F38,E34:E38),"") | J36: =IFERROR(CORREL(F34:F38,E34:E38),"") | K36: =IFERROR(G39/G33*100,"")
A37: IMP-03 | B37: COLUMN-2 | D37: C4 | H37: =IFERROR(SLOPE(F34:F38,E34:E38),"") | I37: =IFERROR(INTERCEPT(F34:F38,E34:E38),"") | J37: =IFERROR(CORREL(F34:F38,E34:E38),"") | K37: =IFERROR(G39/G33*100,"")
A38: IMP-03 | B38: COLUMN-2 | D38: C5 | H38: =IFERROR(SLOPE(F34:F38,E34:E38),"") | I38: =IFERROR(INTERCEPT(F34:F38,E34:E38),"") | J38: =IFERROR(CORREL(F34:F38,E34:E38),"") | K38: =IFERROR(G39/G33*100,"")
A39: IMP-03 | B39: COLUMN-2 | D39: SPIKED | H39: =IFERROR(SLOPE(F34:F38,E34:E38),"") | I39: =IFERROR(INTERCEPT(F34:F38,E34:E38),"") | J39: =IFERROR(CORREL(F34:F38,E34:E38),"") | K39: =IFERROR(G39/G33*100,"")
A40: IMP-04 | B40: COLUMN-1 | D40: C1 | H40: =IFERROR(SLOPE(F40:F44,E40:E44),"") | I40: =IFERROR(INTERCEPT(F40:F44,E40:E44),"") | J40: =IFERROR(CORREL(F40:F44,E40:E44),"") | K40: =IFERROR(G51/G45*100,"")
A41: IMP-04 | B41: COLUMN-1 | D41: C2 | H41: =IFERROR(SLOPE(F40:F44,E40:E44),"") | I41: =IFERROR(INTERCEPT(F40:F44,E40:E44),"") | J41: =IFERROR(CORREL(F40:F44,E40:E44),"") | K41: =IFERROR(G51/G45*100,"")
A42: IMP-04 | B42: COLUMN-1 | D42: C3 | H42: =IFERROR(SLOPE(F40:F44,E40:E44),"") | I42: =IFERROR(INTERCEPT(F40:F44,E40:E44),"") | J42: =IFERROR(CORREL(F40:F44,E40:E44),"") | K42: =IFERROR(G51/G45*100,"")
A43: IMP-04 | B43: COLUMN-1 | D43: C4 | H43: =IFERROR(SLOPE(F40:F44,E40:E44),"") | I43: =IFERROR(INTERCEPT(F40:F44,E40:E44),"") | J43: =IFERROR(CORREL(F40:F44,E40:E44),"") | K43: =IFERROR(G51/G45*100,"")
A44: IMP-04 | B44: COLUMN-1 | D44: C5 | H44: =IFERROR(SLOPE(F40:F44,E40:E44),"") | I44: =IFERROR(INTERCEPT(F40:F44,E40:E44),"") | J44: =IFERROR(CORREL(F40:F44,E40:E44),"") | K44: =IFERROR(G51/G45*100,"")
A45: IMP-04 | B45: COLUMN-1 | D45: SPIKED | H45: =IFERROR(SLOPE(F40:F44,E40:E44),"") | I45: =IFERROR(INTERCEPT(F40:F44,E40:E44),"") | J45: =IFERROR(CORREL(F40:F44,E40:E44),"") | K45: =IFERROR(G51/G45*100,"")
A46: IMP-04 | B46: COLUMN-2 | D46: C1 | H46: =IFERROR(SLOPE(F46:F50,E46:E50),"") | I46: =IFERROR(INTERCEPT(F46:F50,E46:E50),"") | J46: =IFERROR(CORREL(F46:F50,E46:E50),"") | K46: =IFERROR(G51/G45*100,"")
A47: IMP-04 | B47: COLUMN-2 | D47: C2 | H47: =IFERROR(SLOPE(F46:F50,E46:E50),"") | I47: =IFERROR(INTERCEPT(F46:F50,E46:E50),"") | J47: =IFERROR(CORREL(F46:F50,E46:E50),"") | K47: =IFERROR(G51/G45*100,"")
A48: IMP-04 | B48: COLUMN-2 | D48: C3 | H48: =IFERROR(SLOPE(F46:F50,E46:E50),"") | I48: =IFERROR(INTERCEPT(F46:F50,E46:E50),"") | J48: =IFERROR(CORREL(F46:F50,E46:E50),"") | K48: =IFERROR(G51/G45*100,"")
A49: IMP-04 | B49: COLUMN-2 | D49: C4 | H49: =IFERROR(SLOPE(F46:F50,E46:E50),"") | I49: =IFERROR(INTERCEPT(F46:F50,E46:E50),"") | J49: =IFERROR(CORREL(F46:F50,E46:E50),"") | K49: =IFERROR(G51/G45*100,"")
A50: IMP-04 | B50: COLUMN-2 | D50: C5 | H50: =IFERROR(SLOPE(F46:F50,E46:E50),"") | I50: =IFERROR(INTERCEPT(F46:F50,E46:E50),"") | J50: =IFERROR(CORREL(F46:F50,E46:E50),"") | K50: =IFERROR(G51/G45*100,"")
A51: IMP-04 | B51: COLUMN-2 | D51: SPIKED | H51: =IFERROR(SLOPE(F46:F50,E46:E50),"") | I51: =IFERROR(INTERCEPT(F46:F50,E46:E50),"") | J51: =IFERROR(CORREL(F46:F50,E46:E50),"") | K51: =IFERROR(G51/G45*100,"")
A52: IMP-05 | B52: COLUMN-1 | D52: C1 | H52: =IFERROR(SLOPE(F52:F56,E52:E56),"") | I52: =IFERROR(INTERCEPT(F52:F56,E52:E56),"") | J52: =IFERROR(CORREL(F52:F56,E52:E56),"") | K52: =IFERROR(G63/G57*100,"")
A53: IMP-05 | B53: COLUMN-1 | D53: C2 | H53: =IFERROR(SLOPE(F52:F56,E52:E56),"") | I53: =IFERROR(INTERCEPT(F52:F56,E52:E56),"") | J53: =IFERROR(CORREL(F52:F56,E52:E56),"") | K53: =IFERROR(G63/G57*100,"")
A54: IMP-05 | B54: COLUMN-1 | D54: C3 | H54: =IFERROR(SLOPE(F52:F56,E52:E56),"") | I54: =IFERROR(INTERCEPT(F52:F56,E52:E56),"") | J54: =IFERROR(CORREL(F52:F56,E52:E56),"") | K54: =IFERROR(G63/G57*100,"")
A55: IMP-05 | B55: COLUMN-1 | D55: C4 | H55: =IFERROR(SLOPE(F52:F56,E52:E56),"") | I55: =IFERROR(INTERCEPT(F52:F56,E52:E56),"") | J55: =IFERROR(CORREL(F52:F56,E52:E56),"") | K55: =IFERROR(G63/G57*100,"")
A56: IMP-05 | B56: COLUMN-1 | D56: C5 | H56: =IFERROR(SLOPE(F52:F56,E52:E56),"") | I56: =IFERROR(INTERCEPT(F52:F56,E52:E56),"") | J56: =IFERROR(CORREL(F52:F56,E52:E56),"") | K56: =IFERROR(G63/G57*100,"")
A57: IMP-05 | B57: COLUMN-1 | D57: SPIKED | H57: =IFERROR(SLOPE(F52:F56,E52:E56),"") | I57: =IFERROR(INTERCEPT(F52:F56,E52:E56),"") | J57: =IFERROR(CORREL(F52:F56,E52:E56),"") | K57: =IFERROR(G63/G57*100,"")
A58: IMP-05 | B58: COLUMN-2 | D58: C1 | H58: =IFERROR(SLOPE(F58:F62,E58:E62),"") | I58: =IFERROR(INTERCEPT(F58:F62,E58:E62),"") | J58: =IFERROR(CORREL(F58:F62,E58:E62),"") | K58: =IFERROR(G63/G57*100,"")
A59: IMP-05 | B59: COLUMN-2 | D59: C2 | H59: =IFERROR(SLOPE(F58:F62,E58:E62),"") | I59: =IFERROR(INTERCEPT(F58:F62,E58:E62),"") | J59: =IFERROR(CORREL(F58:F62,E58:E62),"") | K59: =IFERROR(G63/G57*100,"")
A60: IMP-05 | B60: COLUMN-2 | D60: C3 | H60: =IFERROR(SLOPE(F58:F62,E58:E62),"") | I60: =IFERROR(INTERCEPT(F58:F62,E58:E62),"") | J60: =IFERROR(CORREL(F58:F62,E58:E62),"") | K60: =IFERROR(G63/G57*100,"")
A61: IMP-05 | B61: COLUMN-2 | D61: C4 | H61: =IFERROR(SLOPE(F58:F62,E58:E62),"") | I61: =IFERROR(INTERCEPT(F58:F62,E58:E62),"") | J61: =IFERROR(CORREL(F58:F62,E58:E62),"") | K61: =IFERROR(G63/G57*100,"")
A62: IMP-05 | B62: COLUMN-2 | D62: C5 | H62: =IFERROR(SLOPE(F58:F62,E58:E62),"") | I62: =IFERROR(INTERCEPT(F58:F62,E58:E62),"") | J62: =IFERROR(CORREL(F58:F62,E58:E62),"") | K62: =IFERROR(G63/G57*100,"")
A63: IMP-05 | B63: COLUMN-2 | D63: SPIKED | H63: =IFERROR(SLOPE(F58:F62,E58:E62),"") | I63: =IFERROR(INTERCEPT(F58:F62,E58:E62),"") | J63: =IFERROR(CORREL(F58:F62,E58:E62),"") | K63: =IFERROR(G63/G57*100,"")
A64: IMP-06 | B64: COLUMN-1 | D64: C1 | H64: =IFERROR(SLOPE(F64:F68,E64:E68),"") | I64: =IFERROR(INTERCEPT(F64:F68,E64:E68),"") | J64: =IFERROR(CORREL(F64:F68,E64:E68),"") | K64: =IFERROR(G75/G69*100,"")
A65: IMP-06 | B65: COLUMN-1 | D65: C2 | H65: =IFERROR(SLOPE(F64:F68,E64:E68),"") | I65: =IFERROR(INTERCEPT(F64:F68,E64:E68),"") | J65: =IFERROR(CORREL(F64:F68,E64:E68),"") | K65: =IFERROR(G75/G69*100,"")
A66: IMP-06 | B66: COLUMN-1 | D66: C3 | H66: =IFERROR(SLOPE(F64:F68,E64:E68),"") | I66: =IFERROR(INTERCEPT(F64:F68,E64:E68),"") | J66: =IFERROR(CORREL(F64:F68,E64:E68),"") | K66: =IFERROR(G75/G69*100,"")
A67: IMP-06 | B67: COLUMN-1 | D67: C4 | H67: =IFERROR(SLOPE(F64:F68,E64:E68),"") | I67: =IFERROR(INTERCEPT(F64:F68,E64:E68),"") | J67: =IFERROR(CORREL(F64:F68,E64:E68),"") | K67: =IFERROR(G75/G69*100,"")
A68: IMP-06 | B68: COLUMN-1 | D68: C5 | H68: =IFERROR(SLOPE(F64:F68,E64:E68),"") | I68: =IFERROR(INTERCEPT(F64:F68,E64:E68),"") | J68: =IFERROR(CORREL(F64:F68,E64:E68),"") | K68: =IFERROR(G75/G69*100,"")
A69: IMP-06 | B69: COLUMN-1 | D69: SPIKED | H69: =IFERROR(SLOPE(F64:F68,E64:E68),"") | I69: =IFERROR(INTERCEPT(F64:F68,E64:E68),"") | J69: =IFERROR(CORREL(F64:F68,E64:E68),"") | K69: =IFERROR(G75/G69*100,"")
A70: IMP-06 | B70: COLUMN-2 | D70: C1 | H70: =IFERROR(SLOPE(F70:F74,E70:E74),"") | I70: =IFERROR(INTERCEPT(F70:F74,E70:E74),"") | J70: =IFERROR(CORREL(F70:F74,E70:E74),"") | K70: =IFERROR(G75/G69*100,"")
A71: IMP-06 | B71: COLUMN-2 | D71: C2 | H71: =IFERROR(SLOPE(F70:F74,E70:E74),"") | I71: =IFERROR(INTERCEPT(F70:F74,E70:E74),"") | J71: =IFERROR(CORREL(F70:F74,E70:E74),"") | K71: =IFERROR(G75/G69*100,"")
A72: IMP-06 | B72: COLUMN-2 | D72: C3 | H72: =IFERROR(SLOPE(F70:F74,E70:E74),"") | I72: =IFERROR(INTERCEPT(F70:F74,E70:E74),"") | J72: =IFERROR(CORREL(F70:F74,E70:E74),"") | K72: =IFERROR(G75/G69*100,"")
A73: IMP-06 | B73: COLUMN-2 | D73: C4 | H73: =IFERROR(SLOPE(F70:F74,E70:E74),"") | I73: =IFERROR(INTERCEPT(F70:F74,E70:E74),"") | J73: =IFERROR(CORREL(F70:F74,E70:E74),"") | K73: =IFERROR(G75/G69*100,"")
A74: IMP-06 | B74: COLUMN-2 | D74: C5 | H74: =IFERROR(SLOPE(F70:F74,E70:E74),"") | I74: =IFERROR(INTERCEPT(F70:F74,E70:E74),"") | J74: =IFERROR(CORREL(F70:F74,E70:E74),"") | K74: =IFERROR(G75/G69*100,"")
A75: IMP-06 | B75: COLUMN-2 | D75: SPIKED | H75: =IFERROR(SLOPE(F70:F74,E70:E74),"") | I75: =IFERROR(INTERCEPT(F70:F74,E70:E74),"") | J75: =IFERROR(CORREL(F70:F74,E70:E74),"") | K75: =IFERROR(G75/G69*100,"")
A76: IMP-07 | B76: COLUMN-1 | D76: C1 | H76: =IFERROR(SLOPE(F76:F80,E76:E80),"") | I76: =IFERROR(INTERCEPT(F76:F80,E76:E80),"") | J76: =IFERROR(CORREL(F76:F80,E76:E80),"") | K76: =IFERROR(G87/G81*100,"")
A77: IMP-07 | B77: COLUMN-1 | D77: C2 | H77: =IFERROR(SLOPE(F76:F80,E76:E80),"") | I77: =IFERROR(INTERCEPT(F76:F80,E76:E80),"") | J77: =IFERROR(CORREL(F76:F80,E76:E80),"") | K77: =IFERROR(G87/G81*100,"")
A78: IMP-07 | B78: COLUMN-1 | D78: C3 | H78: =IFERROR(SLOPE(F76:F80,E76:E80),"") | I78: =IFERROR(INTERCEPT(F76:F80,E76:E80),"") | J78: =IFERROR(CORREL(F76:F80,E76:E80),"") | K78: =IFERROR(G87/G81*100,"")
A79: IMP-07 | B79: COLUMN-1 | D79: C4 | H79: =IFERROR(SLOPE(F76:F80,E76:E80),"") | I79: =IFERROR(INTERCEPT(F76:F80,E76:E80),"") | J79: =IFERROR(CORREL(F76:F80,E76:E80),"") | K79: =IFERROR(G87/G81*100,"")
A80: IMP-07 | B80: COLUMN-1 | D80: C5 | H80: =IFERROR(SLOPE(F76:F80,E76:E80),"") | I80: =IFERROR(INTERCEPT(F76:F80,E76:E80),"") | J80: =IFERROR(CORREL(F76:F80,E76:E80),"") | K80: =IFERROR(G87/G81*100,"")
A81: IMP-07 | B81: COLUMN-1 | D81: SPIKED | H81: =IFERROR(SLOPE(F76:F80,E76:E80),"") | I81: =IFERROR(INTERCEPT(F76:F80,E76:E80),"") | J81: =IFERROR(CORREL(F76:F80,E76:E80),"") | K81: =IFERROR(G87/G81*100,"")
A82: IMP-07 | B82: COLUMN-2 | D82: C1 | H82: =IFERROR(SLOPE(F82:F86,E82:E86),"") | I82: =IFERROR(INTERCEPT(F82:F86,E82:E86),"") | J82: =IFERROR(CORREL(F82:F86,E82:E86),"") | K82: =IFERROR(G87/G81*100,"")
A83: IMP-07 | B83: COLUMN-2 | D83: C2 | H83: =IFERROR(SLOPE(F82:F86,E82:E86),"") | I83: =IFERROR(INTERCEPT(F82:F86,E82:E86),"") | J83: =IFERROR(CORREL(F82:F86,E82:E86),"") | K83: =IFERROR(G87/G81*100,"")
A84: IMP-07 | B84: COLUMN-2 | D84: C3 | H84: =IFERROR(SLOPE(F82:F86,E82:E86),"") | I84: =IFERROR(INTERCEPT(F82:F86,E82:E86),"") | J84: =IFERROR(CORREL(F82:F86,E82:E86),"") | K84: =IFERROR(G87/G81*100,"")
A85: IMP-07 | B85: COLUMN-2 | D85: C4 | H85: =IFERROR(SLOPE(F82:F86,E82:E86),"") | I85: =IFERROR(INTERCEPT(F82:F86,E82:E86),"") | J85: =IFERROR(CORREL(F82:F86,E82:E86),"") | K85: =IFERROR(G87/G81*100,"")
A86: IMP-07 | B86: COLUMN-2 | D86: C5 | H86: =IFERROR(SLOPE(F82:F86,E82:E86),"") | I86: =IFERROR(INTERCEPT(F82:F86,E82:E86),"") | J86: =IFERROR(CORREL(F82:F86,E82:E86),"") | K86: =IFERROR(G87/G81*100,"")
A87: IMP-07 | B87: COLUMN-2 | D87: SPIKED | H87: =IFERROR(SLOPE(F82:F86,E82:E86),"") | I87: =IFERROR(INTERCEPT(F82:F86,E82:E86),"") | J87: =IFERROR(CORREL(F82:F86,E82:E86),"") | K87: =IFERROR(G87/G81*100,"")
A88: IMP-08 | B88: COLUMN-1 | D88: C1 | H88: =IFERROR(SLOPE(F88:F92,E88:E92),"") | I88: =IFERROR(INTERCEPT(F88:F92,E88:E92),"") | J88: =IFERROR(CORREL(F88:F92,E88:E92),"") | K88: =IFERROR(G99/G93*100,"")
A89: IMP-08 | B89: COLUMN-1 | D89: C2 | H89: =IFERROR(SLOPE(F88:F92,E88:E92),"") | I89: =IFERROR(INTERCEPT(F88:F92,E88:E92),"") | J89: =IFERROR(CORREL(F88:F92,E88:E92),"") | K89: =IFERROR(G99/G93*100,"")
A90: IMP-08 | B90: COLUMN-1 | D90: C3 | H90: =IFERROR(SLOPE(F88:F92,E88:E92),"") | I90: =IFERROR(INTERCEPT(F88:F92,E88:E92),"") | J90: =IFERROR(CORREL(F88:F92,E88:E92),"") | K90: =IFERROR(G99/G93*100,"")
A91: IMP-08 | B91: COLUMN-1 | D91: C4 | H91: =IFERROR(SLOPE(F88:F92,E88:E92),"") | I91: =IFERROR(INTERCEPT(F88:F92,E88:E92),"") | J91: =IFERROR(CORREL(F88:F92,E88:E92),"") | K91: =IFERROR(G99/G93*100,"")
A92: IMP-08 | B92: COLUMN-1 | D92: C5 | H92: =IFERROR(SLOPE(F88:F92,E88:E92),"") | I92: =IFERROR(INTERCEPT(F88:F92,E88:E92),"") | J92: =IFERROR(CORREL(F88:F92,E88:E92),"") | K92: =IFERROR(G99/G93*100,"")
A93: IMP-08 | B93: COLUMN-1 | D93: SPIKED | H93: =IFERROR(SLOPE(F88:F92,E88:E92),"") | I93: =IFERROR(INTERCEPT(F88:F92,E88:E92),"") | J93: =IFERROR(CORREL(F88:F92,E88:E92),"") | K93: =IFERROR(G99/G93*100,"")
A94: IMP-08 | B94: COLUMN-2 | D94: C1 | H94: =IFERROR(SLOPE(F94:F98,E94:E98),"") | I94: =IFERROR(INTERCEPT(F94:F98,E94:E98),"") | J94: =IFERROR(CORREL(F94:F98,E94:E98),"") | K94: =IFERROR(G99/G93*100,"")
A95: IMP-08 | B95: COLUMN-2 | D95: C2 | H95: =IFERROR(SLOPE(F94:F98,E94:E98),"") | I95: =IFERROR(INTERCEPT(F94:F98,E94:E98),"") | J95: =IFERROR(CORREL(F94:F98,E94:E98),"") | K95: =IFERROR(G99/G93*100,"")
A96: IMP-08 | B96: COLUMN-2 | D96: C3 | H96: =IFERROR(SLOPE(F94:F98,E94:E98),"") | I96: =IFERROR(INTERCEPT(F94:F98,E94:E98),"") | J96: =IFERROR(CORREL(F94:F98,E94:E98),"") | K96: =IFERROR(G99/G93*100,"")
A97: IMP-08 | B97: COLUMN-2 | D97: C4 | H97: =IFERROR(SLOPE(F94:F98,E94:E98),"") | I97: =IFERROR(INTERCEPT(F94:F98,E94:E98),"") | J97: =IFERROR(CORREL(F94:F98,E94:E98),"") | K97: =IFERROR(G99/G93*100,"")
A98: IMP-08 | B98: COLUMN-2 | D98: C5 | H98: =IFERROR(SLOPE(F94:F98,E94:E98),"") | I98: =IFERROR(INTERCEPT(F94:F98,E94:E98),"") | J98: =IFERROR(CORREL(F94:F98,E94:E98),"") | K98: =IFERROR(G99/G93*100,"")
A99: IMP-08 | B99: COLUMN-2 | D99: SPIKED | H99: =IFERROR(SLOPE(F94:F98,E94:E98),"") | I99: =IFERROR(INTERCEPT(F94:F98,E94:E98),"") | J99: =IFERROR(CORREL(F94:F98,E94:E98),"") | K99: =IFERROR(G99/G93*100,"")
A100: IMP-09 | B100: COLUMN-1 | D100: C1 | H100: =IFERROR(SLOPE(F100:F104,E100:E104),"") | I100: =IFERROR(INTERCEPT(F100:F104,E100:E104),"") | J100: =IFERROR(CORREL(F100:F104,E100:E104),"") | K100: =IFERROR(G111/G105*100,"")
...
